account_id,company_name,industry,company_size,first_touch_channel,signup_date
A1001,Tucker-Jimenez,Design & Creative Services,01-Oct,Referral,2025-07-04
A1002,Wong-Moore,Marketing Agency,Nov-25,Organic Search,2025-07-05
A1003,"Marshall, Adkins and Kim",Accounting & Finance Services,01-Oct,Organic Search,2025-07-09
A1004,"Murphy, Cox and Miller",Software Development,01-Oct,Organic Search,2025-07-09
A1005,Johnson Group,Software Development,01-Oct,Organic Search,2025-07-14
A1006,Owen PLC,IT Consulting,01-Oct,Organic Search,2025-07-18
A1007,"Lopez, Lee and Compton",Recruitment & HR Services,01-Oct,Partner Network,2025-07-23
A1008,Myers PLC,Business Consulting,01-Oct,Referral,2025-07-23
A1009,"Humphrey, Fitzgerald and White",Architecture & Engineering,01-Oct,Referral,2025-07-26
A1010,Mcdonald-Parker,Software Development,Nov-25,Organic Search,2025-07-28
A1011,Gill-Contreras,Recruitment & HR Services,Nov-25,Organic Search,2025-07-28
A1012,Lindsey-Bailey,Legal Services,01-Oct,Organic Search,2025-07-29
A1013,"Graves, Frazier and Jimenez",Recruitment & HR Services,01-Oct,Partner Network,2025-08-01
A1014,Chandler and Sons,Design & Creative Services,Nov-25,Referral,2025-08-04
A1015,Garner-Baker,Marketing Agency,01-Oct,Referral,2025-08-04
A1016,Barker Inc,Marketing Agency,01-Oct,Referral,2025-08-06
A1017,Sanchez PLC,Design & Creative Services,01-Oct,Referral,2025-08-13
A1018,"Bailey, Snyder and Bates",Software Development,01-Oct,Startup Event,2025-08-18
A1019,"Beck, Shaffer and Green",Design & Creative Services,01-Oct,Referral,2025-08-19
A1020,Robinson Group,Business Consulting,01-Oct,Referral,2025-08-20
A1021,Johnson-Berry,Digital Media & Content,01-Oct,Organic Search,2025-08-20
A1022,Brown PLC,Business Consulting,Nov-25,Partner Network,2025-08-22
A1023,Carr-Davis,Marketing Agency,01-Oct,Referral,2025-08-24
A1024,"Barnes, Holmes and Gilbert",Marketing Agency,01-Oct,Startup Event,2025-08-26
A1025,"Castro, Taylor and Davis",Accounting & Finance Services,01-Oct,Organic Search,2025-08-28
A1026,Valencia Inc,Marketing Agency,26-50,Organic Search,2025-08-29
A1027,"Bush, Alvarez and Campbell",Marketing Agency,01-Oct,Organic Search,2025-08-31
A1028,"Cox, Berry and Bradley",Marketing Agency,01-Oct,Startup Event,2025-08-31
A1029,"Parks, Brock and Ortiz",Marketing Agency,01-Oct,Startup Event,2025-09-01
A1030,Jones-Burns,IT Consulting,01-Oct,Referral,2025-09-02
A1031,Flores-Johnson,Software Development,01-Oct,Partner Network,2025-09-02
A1032,Bowman-Williams,IT Consulting,01-Oct,Referral,2025-09-03
A1033,"Williamson, Wells and Lopez",Digital Media & Content,01-Oct,Startup Event,2025-09-05
A1034,Costa-Rojas,Accounting & Finance Services,01-Oct,Partner Network,2025-09-09
A1035,Edwards PLC,Business Consulting,01-Oct,Referral,2025-09-10
A1036,Rivera-Thompson,Design & Creative Services,01-Oct,Organic Search,2025-09-10
A1037,Holland-Yu,IT Consulting,26-50,Partner Network,2025-09-10
A1038,Sanford Ltd,Marketing Agency,01-Oct,Referral,2025-09-14
A1039,"Long, Franklin and Hines",Accounting & Finance Services,Nov-25,Referral,2025-09-21
A1040,"Andrews, Robbins and Walker",Design & Creative Services,01-Oct,Referral,2025-09-23
A1041,"Calderon, Taylor and Moore",Business Consulting,01-Oct,Partner Network,2025-09-24
A1042,Brown Inc,IT Consulting,01-Oct,Referral,2025-09-26
A1043,Shepherd-Burgess,Software Development,26-50,Partner Network,2025-09-26
A1044,Kemp-Ferguson,Recruitment & HR Services,01-Oct,Referral,2025-09-27
A1045,Johnson-Miller,Accounting & Finance Services,26-50,Referral,2025-09-27
A1046,Stokes Inc,IT Consulting,01-Oct,Partner Network,2025-09-30
A1047,Rivera-Hughes,Business Consulting,01-Oct,Organic Search,2025-10-04
A1048,Whitehead-Wilson,IT Consulting,01-Oct,Partner Network,2025-10-04
A1049,"Russo, Watts and Casey",IT Consulting,01-Oct,Organic Search,2025-10-07
A1050,Page PLC,Business Consulting,01-Oct,Referral,2025-10-09
A1051,Peterson LLC,Digital Media & Content,Nov-25,Organic Search,2025-10-09
A1052,West-Smith,IT Consulting,01-Oct,Referral,2025-10-09
A1053,"Rowland, Cline and Ingram",Marketing Agency,01-Oct,Referral,2025-10-10
A1054,"Bryant, Wolf and Perry",Marketing Agency,01-Oct,Organic Search,2025-10-11
A1055,"Proctor, Hamilton and Baker",Marketing Agency,Nov-25,Partner Network,2025-10-12
A1056,"Smith, Villarreal and Mcclain",Software Development,01-Oct,Organic Search,2025-10-12
A1057,Huang Inc,Marketing Agency,01-Oct,Startup Event,2025-10-13
A1058,Dunlap LLC,Design & Creative Services,01-Oct,Partner Network,2025-10-14
A1059,"Alvarez, Short and Barnes",Recruitment & HR Services,01-Oct,Referral,2025-10-18
A1060,"Anderson, Sullivan and Wells",IT Consulting,01-Oct,Organic Search,2025-10-20
A1061,Woods-Lewis,Business Consulting,Nov-25,Startup Event,2025-10-23
A1062,"Cobb, King and Johnson",Software Development,01-Oct,Referral,2025-10-23
A1063,Huynh PLC,Accounting & Finance Services,01-Oct,Referral,2025-10-25
A1064,Vargas and Sons,IT Consulting,01-Oct,Referral,2025-10-25
A1065,Curtis-Young,Marketing Agency,26-50,Organic Search,2025-10-25
A1066,Torres PLC,Accounting & Finance Services,01-Oct,Referral,2025-10-29
A1067,Leon Group,Digital Media & Content,Nov-25,Startup Event,2025-10-30
A1068,"Mills, Chaney and Alvarez",Architecture & Engineering,Nov-25,Referral,2025-10-31
A1069,Stevenson Group,IT Consulting,01-Oct,Organic Search,2025-11-01
A1070,Mercer Inc,Software Development,01-Oct,Startup Event,2025-11-01
A1071,"Jones, Bryant and Blake",Marketing Agency,Nov-25,Organic Search,2025-11-02
A1072,Jackson-Davis,IT Consulting,26-50,Startup Event,2025-11-03
A1073,Brown-Peterson,Design & Creative Services,Nov-25,Referral,2025-11-03
A1074,Reynolds-Booker,Marketing Agency,26-50,Organic Search,2025-11-03
A1075,"Garrett, Hampton and Lowe",IT Consulting,Nov-25,Referral,2025-11-06
A1076,"Smith, Allen and Johnson",Design & Creative Services,01-Oct,Partner Network,2025-11-10
A1077,"Avery, Harris and Peters",Software Development,26-50,Referral,2025-11-10
A1078,"Wilson, Riley and Rodriguez",Software Development,01-Oct,Organic Search,2025-11-10
A1079,Mcbride Ltd,Marketing Agency,01-Oct,Startup Event,2025-11-14
A1080,"Rangel, Watson and Johnson",Marketing Agency,01-Oct,Organic Search,2025-11-14
A1081,Wilson Group,IT Consulting,01-Oct,Organic Search,2025-11-14
A1082,"Parker, Gray and Smith",Architecture & Engineering,01-Oct,Partner Network,2025-11-15
A1083,Fitzpatrick-Durham,Marketing Agency,01-Oct,Organic Search,2025-11-15
A1084,"Reed, Miranda and Carter",Marketing Agency,01-Oct,Partner Network,2025-11-18
A1085,Wilson-Li,Software Development,01-Oct,Startup Event,2025-11-20
A1086,Walsh-Garcia,Digital Media & Content,01-Oct,Referral,2025-11-20
A1087,"Woodward, Ramirez and Carroll",Marketing Agency,26-50,Partner Network,2025-11-21
A1088,Soto Inc,Accounting & Finance Services,01-Oct,Referral,2025-11-21
A1089,"Evans, Ramirez and Lynch",Recruitment & HR Services,Nov-25,Organic Search,2025-11-23
A1090,Anderson-Henry,Digital Media & Content,Nov-25,Referral,2025-11-24
A1091,Burke LLC,Recruitment & HR Services,01-Oct,Organic Search,2025-11-25
A1092,Gray and Sons,Architecture & Engineering,01-Oct,Referral,2025-11-25
A1093,Evans-Garcia,Software Development,01-Oct,Referral,2025-11-28
A1094,Romero-Washington,Design & Creative Services,Nov-25,Referral,2025-11-30
A1095,"Howard, Anderson and Herring",Design & Creative Services,01-Oct,Organic Search,2025-12-01
A1096,Williams-Robinson,Accounting & Finance Services,Nov-25,Referral,2025-12-04
A1097,"Shelton, Orr and Jackson",IT Consulting,01-Oct,Referral,2025-12-06
A1098,"Higgins, Holmes and Carter",Business Consulting,01-Oct,Referral,2025-12-06
A1099,Maddox-Ayers,Business Consulting,01-Oct,Organic Search,2025-12-06
A1100,Gomez-Hall,Software Development,01-Oct,Partner Network,2025-12-07
A1101,"Thomas, Fox and Humphrey",Accounting & Finance Services,01-Oct,Partner Network,2025-12-09
A1102,Miller Inc,Design & Creative Services,01-Oct,Referral,2025-12-09
A1103,Martin-Porter,Marketing Agency,Nov-25,Partner Network,2025-12-09
A1104,"Reyes, Ward and Dunn",Accounting & Finance Services,Nov-25,Referral,2025-12-10
A1105,"Mathis, Kennedy and Lam",Marketing Agency,01-Oct,Partner Network,2025-12-10
A1106,"Nguyen, Duran and Gonzalez",Accounting & Finance Services,01-Oct,Organic Search,2025-12-10
A1107,Douglas PLC,Software Development,26-50,Partner Network,2025-12-11
A1108,"Ruiz, Johnson and Marshall",Legal Services,Nov-25,Partner Network,2025-12-11
A1109,Zimmerman Group,Software Development,Nov-25,Referral,2025-12-12
A1110,"Perez, Velasquez and Graves",Architecture & Engineering,Nov-25,Partner Network,2025-12-12
A1111,"Bruce, Anderson and Watson",Recruitment & HR Services,01-Oct,Partner Network,2025-12-12
A1112,"Valdez, Buchanan and Ford",Software Development,Nov-25,Partner Network,2025-12-14
A1113,Sanchez-Garner,Marketing Agency,Nov-25,Organic Search,2025-12-14
A1114,Hart Group,Marketing Agency,Nov-25,Referral,2025-12-18
A1115,Cunningham-Thomas,Software Development,01-Oct,Referral,2025-12-18
A1116,Rodriguez Group,Accounting & Finance Services,26-50,Referral,2025-12-21
A1117,Miller-Phillips,Design & Creative Services,01-Oct,Startup Event,2025-12-21
A1118,"Smith, Lester and Russell",IT Consulting,26-50,Referral,2025-12-22
A1119,Shea-Luna,Legal Services,01-Oct,Startup Event,2025-12-26
A1120,"Landry, Johnson and Barnes",Marketing Agency,01-Oct,Organic Search,2025-12-27
A1121,Wagner PLC,Business Consulting,01-Oct,Organic Search,2025-12-28
A1122,Collins-Hayes,IT Consulting,01-Oct,Organic Search,2025-12-29
A1123,"Baker, Horton and Meyer",Marketing Agency,Nov-25,Referral,2025-12-30
A1124,"Blanchard, Watson and Williams",Architecture & Engineering,01-Oct,Partner Network,2025-12-30
A1125,Williams-Cruz,Business Consulting,Nov-25,Referral,2025-12-31
A1126,Walter-Summers,Software Development,Nov-25,Referral,2026-01-01
A1127,Lang LLC,Marketing Agency,Nov-25,Partner Network,2026-01-03
A1128,Rogers-Patterson,Marketing Agency,01-Oct,Organic Search,2026-01-04
A1129,Sullivan Ltd,IT Consulting,01-Oct,Referral,2026-01-04
A1130,Rodriguez Group,IT Consulting,26-50,Organic Search,2026-01-05
A1131,Robertson-Petersen,Accounting & Finance Services,01-Oct,Referral,2026-01-05
A1132,Mcguire Group,IT Consulting,01-Oct,Referral,2026-01-05
A1133,Cannon-Miranda,IT Consulting,01-Oct,Organic Search,2026-01-06
A1134,Woodward Ltd,IT Consulting,01-Oct,Referral,2026-01-06
A1135,"Ortiz, Munoz and King",IT Consulting,Nov-25,Partner Network,2026-01-09
A1136,"Adams, Perez and Thomas",Software Development,01-Oct,Organic Search,2026-01-09
A1137,Thornton-Hebert,Design & Creative Services,01-Oct,Partner Network,2026-01-10
A1138,Lowery Group,Business Consulting,Nov-25,Referral,2026-01-10
A1139,"Garcia, Wilson and Griffith",Software Development,01-Oct,Referral,2026-01-11
A1140,"Jackson, Mitchell and Smith",IT Consulting,Nov-25,Referral,2026-01-11
A1141,Smith-Harris,IT Consulting,01-Oct,Referral,2026-01-12
A1142,Lindsey-Murphy,Business Consulting,01-Oct,Referral,2026-01-16
A1143,"Rogers, Bell and Li",Design & Creative Services,01-Oct,Partner Network,2026-01-16
A1144,"Hopkins, Smith and Hopkins",Business Consulting,01-Oct,Organic Search,2026-01-19
A1145,Lawson LLC,Software Development,26-50,Organic Search,2026-01-20
A1146,Crawford-Jones,Software Development,01-Oct,Partner Network,2026-01-21
A1147,Lee-Frazier,IT Consulting,Nov-25,Organic Search,2026-01-22
A1148,Boyer-Benson,Digital Media & Content,01-Oct,Startup Event,2026-01-22
A1149,Freeman Group,Accounting & Finance Services,01-Oct,Partner Network,2026-01-23
A1150,Gordon and Sons,IT Consulting,Nov-25,Organic Search,2026-01-25
A1151,Rogers-Macdonald,Accounting & Finance Services,Nov-25,Organic Search,2026-01-25
A1152,"French, Brown and Gonzalez",Marketing Agency,01-Oct,Organic Search,2026-01-26
A1153,Cruz Group,Business Consulting,01-Oct,Organic Search,2026-01-27
A1154,Arroyo-Jones,Marketing Agency,01-Oct,Referral,2026-01-27
A1155,Ross-Levy,Marketing Agency,01-Oct,Organic Search,2026-01-29
A1156,Smith-Grant,Software Development,01-Oct,Organic Search,2026-01-29
A1157,Newman and Sons,Business Consulting,01-Oct,Organic Search,2026-01-29
A1158,"Hernandez, Lester and Daniel",IT Consulting,01-Oct,Referral,2026-01-31
A1159,Avila PLC,IT Consulting,Nov-25,Organic Search,2026-01-31
A1160,Mcdonald and Sons,Business Consulting,Nov-25,Partner Network,2026-02-01
A1161,"Taylor, Thomas and Moore",Marketing Agency,01-Oct,Referral,2026-02-01
A1162,Johnson Inc,Business Consulting,Nov-25,Startup Event,2026-02-02
A1163,"King, Taylor and Davis",IT Consulting,Nov-25,Organic Search,2026-02-03
A1164,Garcia Ltd,Design & Creative Services,01-Oct,Referral,2026-02-04
A1165,Jackson LLC,IT Consulting,01-Oct,Referral,2026-02-05
A1166,Coleman LLC,Design & Creative Services,01-Oct,Referral,2026-02-05
A1167,Davis Group,IT Consulting,01-Oct,Organic Search,2026-02-06
A1168,"Allen, Mosley and Carter",Software Development,01-Oct,Organic Search,2026-02-06
A1169,Harvey-Taylor,Software Development,Nov-25,Referral,2026-02-07
A1170,"Nelson, Dean and Montgomery",IT Consulting,01-Oct,Referral,2026-02-08
A1171,"Jones, Francis and Hart",Marketing Agency,01-Oct,Partner Network,2026-02-08
A1172,"Lewis, Brown and Whitaker",Marketing Agency,Nov-25,Partner Network,2026-02-08
A1173,"Allen, Clark and Wood",Marketing Agency,01-Oct,Referral,2026-02-08
A1174,Munoz-Rogers,IT Consulting,26-50,Referral,2026-02-10
A1175,"Garcia, Salinas and Fuller",Design & Creative Services,Nov-25,Organic Search,2026-02-11
A1176,Hayes-Perez,Business Consulting,26-50,Referral,2026-02-11
A1177,Taylor LLC,Software Development,01-Oct,Referral,2026-02-11
A1178,Brown and Sons,Design & Creative Services,01-Oct,Referral,2026-02-12
A1179,Mullins PLC,Business Consulting,Nov-25,Referral,2026-02-14
A1180,Sanders PLC,Design & Creative Services,Nov-25,Referral,2026-02-15
A1181,Moran PLC,Recruitment & HR Services,26-50,Referral,2026-02-15
A1182,Rivera Inc,Software Development,01-Oct,Organic Search,2026-02-16
A1183,Rodriguez-Burns,Architecture & Engineering,01-Oct,Partner Network,2026-02-17
A1184,Colon Ltd,Software Development,Nov-25,Organic Search,2026-02-18
A1185,Mann PLC,Software Development,Nov-25,Partner Network,2026-02-19
A1186,Lee PLC,Design & Creative Services,01-Oct,Startup Event,2026-02-20
A1187,Sandoval-Bryan,Recruitment & HR Services,01-Oct,Organic Search,2026-02-21
A1188,"Williams, Carpenter and Davies",Marketing Agency,01-Oct,Referral,2026-02-21
A1189,Pennington and Sons,Recruitment & HR Services,Nov-25,Referral,2026-02-21
A1190,"Blackburn, Jackson and Wright",Legal Services,01-Oct,Partner Network,2026-02-22
A1191,"Jordan, Moore and French",Business Consulting,01-Oct,Partner Network,2026-02-22
A1192,"Giles, Haynes and Cox",Legal Services,01-Oct,Partner Network,2026-02-23
A1193,Cook-Robertson,IT Consulting,01-Oct,Organic Search,2026-02-24
A1194,Harrington PLC,Business Consulting,01-Oct,Partner Network,2026-02-25
A1195,"Mendoza, Rasmussen and Fuller",Recruitment & HR Services,01-Oct,Partner Network,2026-02-26
A1196,"Waters, Baker and Bishop",Marketing Agency,01-Oct,Organic Search,2026-02-27
A1197,Rodriguez PLC,Marketing Agency,01-Oct,Partner Network,2026-02-28
A1198,Delgado Group,Software Development,01-Oct,Partner Network,2026-03-01
A1199,Aguilar and Sons,Marketing Agency,Nov-25,Partner Network,2026-03-04
A1200,"Hill, Clarke and Mercer",Marketing Agency,01-Oct,Startup Event,2026-03-06
A1201,"Brown, Jackson and Garcia",Software Development,Nov-25,Organic Search,2026-03-06
A1202,Sanchez and Sons,Business Consulting,Nov-25,Organic Search,2026-03-06
A1203,Mcdonald-Thompson,IT Consulting,Nov-25,Referral,2026-03-07
A1204,Morris PLC,Marketing Agency,Nov-25,Referral,2026-03-07
A1205,Smith-Dunlap,Design & Creative Services,01-Oct,Organic Search,2026-03-08
A1206,Palmer-Mckee,IT Consulting,Nov-25,Referral,2026-03-09
A1207,"Williams, Beasley and Shannon",Business Consulting,01-Oct,Referral,2026-03-09
A1208,Hanna PLC,Software Development,01-Oct,Referral,2026-03-09
A1209,Bradshaw-Spencer,IT Consulting,Nov-25,Referral,2026-03-10
A1210,Robinson-Baker,Marketing Agency,01-Oct,Partner Network,2026-03-11
A1211,"Hernandez, Silva and Anthony",Legal Services,01-Oct,Referral,2026-03-12
A1212,"Ho, Holmes and Lewis",Software Development,01-Oct,Referral,2026-03-12
A1213,Mcmahon-Wheeler,Software Development,01-Oct,Organic Search,2026-03-12
A1214,York Ltd,Marketing Agency,26-50,Organic Search,2026-03-13
A1215,Velazquez and Sons,Business Consulting,01-Oct,Partner Network,2026-03-14
A1216,"Leonard, Brown and Beard",IT Consulting,Nov-25,Organic Search,2026-03-14
A1217,Jones-Nelson,IT Consulting,01-Oct,Referral,2026-03-16
A1218,Small-Vasquez,Software Development,26-50,Organic Search,2026-03-17
A1219,"Reed, Johnson and Rodriguez",Recruitment & HR Services,01-Oct,Referral,2026-03-17
A1220,"Robertson, Stevens and Johnson",Design & Creative Services,01-Oct,Referral,2026-03-17
A1221,Scott-Miller,Design & Creative Services,01-Oct,Startup Event,2026-03-18
A1222,Pace-Mullins,Software Development,Nov-25,Organic Search,2026-03-19
A1223,Reyes Ltd,Recruitment & HR Services,01-Oct,Organic Search,2026-03-19
A1224,Mckee-Phillips,IT Consulting,01-Oct,Partner Network,2026-03-20
A1225,Rodriguez and Sons,Digital Media & Content,01-Oct,Organic Search,2026-03-20
A1226,King Group,Design & Creative Services,Nov-25,Startup Event,2026-03-20
A1227,Smith Inc,Software Development,01-Oct,Organic Search,2026-03-22
A1228,"Hunter, Avila and Hill",Software Development,01-Oct,Referral,2026-03-22
A1229,"Schwartz, Pollard and Thompson",Software Development,01-Oct,Organic Search,2026-03-22
A1230,Morris-Davis,Marketing Agency,01-Oct,Partner Network,2026-03-24
A1231,"Hall, Owens and Hughes",Business Consulting,01-Oct,Organic Search,2026-03-24
A1232,"Jefferson, Mckinney and Johnson",Architecture & Engineering,Nov-25,Organic Search,2026-03-25
A1233,Ferguson-Leonard,Design & Creative Services,26-50,Organic Search,2026-03-26
A1234,Scott-Price,IT Consulting,Nov-25,Startup Event,2026-03-26
A1235,Smith Ltd,Recruitment & HR Services,01-Oct,Referral,2026-03-27
A1236,Thomas-Morgan,Marketing Agency,Nov-25,Organic Search,2026-03-27
A1237,Barber PLC,Marketing Agency,01-Oct,Organic Search,2026-03-31
A1238,Thompson and Sons,Business Consulting,26-50,Organic Search,2026-04-01
A1239,"Gonzales, Scott and Evans",IT Consulting,01-Oct,Referral,2026-04-01
A1240,"Yu, Martinez and Baldwin",IT Consulting,01-Oct,Referral,2026-04-02
A1241,Le-Snyder,Software Development,26-50,Partner Network,2026-04-02
A1242,"Hamilton, Nelson and Garcia",Design & Creative Services,26-50,Startup Event,2026-04-04
A1243,Watkins-Fields,Design & Creative Services,01-Oct,Referral,2026-04-05
A1244,Washington Ltd,Business Consulting,01-Oct,Organic Search,2026-04-05
A1245,Lambert-Wells,Accounting & Finance Services,01-Oct,Organic Search,2026-04-06
A1246,"Watson, Mayer and Davis",Design & Creative Services,01-Oct,Referral,2026-04-07
A1247,Warren-Rodriguez,Marketing Agency,01-Oct,Organic Search,2026-04-07
A1248,"Soto, Stevenson and Doyle",Recruitment & HR Services,01-Oct,Organic Search,2026-04-08
A1249,Vargas PLC,Marketing Agency,26-50,Partner Network,2026-04-09
A1250,Stanley-Watson,Design & Creative Services,01-Oct,Referral,2026-04-11
A1251,"Weaver, Blair and Richard",Marketing Agency,26-50,Organic Search,2026-04-11
A1252,"Frazier, Barnes and Delacruz",IT Consulting,26-50,Organic Search,2026-04-12
A1253,Humphrey-Fischer,IT Consulting,01-Oct,Referral,2026-04-12
A1254,"Frank, Webster and Hernandez",Marketing Agency,Nov-25,Organic Search,2026-04-12
A1255,Johnson Ltd,Business Consulting,01-Oct,Organic Search,2026-04-12
A1256,Cannon and Sons,Architecture & Engineering,01-Oct,Organic Search,2026-04-13
A1257,Malone-Garner,Software Development,26-50,Organic Search,2026-04-13
A1258,Grant-Espinoza,Marketing Agency,01-Oct,Organic Search,2026-04-15
A1259,"Gordon, Lewis and Holmes",Design & Creative Services,01-Oct,Startup Event,2026-04-15
A1260,"Mason, Morales and Andrews",Accounting & Finance Services,01-Oct,Referral,2026-04-17
A1261,Jimenez PLC,Recruitment & HR Services,01-Oct,Partner Network,2026-04-17
A1262,Sexton Ltd,IT Consulting,01-Oct,Partner Network,2026-04-18
A1263,"Aguirre, Moon and Henry",Digital Media & Content,01-Oct,Organic Search,2026-04-19
A1264,Thompson Inc,Marketing Agency,26-50,Organic Search,2026-04-20
A1265,"Schmidt, Carpenter and Duke",Accounting & Finance Services,Nov-25,Referral,2026-04-20
A1266,Howell PLC,Recruitment & HR Services,01-Oct,Startup Event,2026-04-21
A1267,"Brown, Decker and Robinson",IT Consulting,Nov-25,Referral,2026-04-22
A1268,Johnson Group,Marketing Agency,01-Oct,Startup Event,2026-04-29
A1269,Brown-Holt,IT Consulting,01-Oct,Organic Search,2026-04-30
A1270,"Wade, Wagner and Wallace",Marketing Agency,01-Oct,Organic Search,2026-05-01
A1271,"Roberts, Williams and George",IT Consulting,01-Oct,Referral,2026-05-03
A1272,"Shelton, Gross and Wood",Business Consulting,01-Oct,Referral,2026-05-04
A1273,Warren-Bradley,Business Consulting,01-Oct,Partner Network,2026-05-05
A1274,Norton-Glass,Business Consulting,Nov-25,Referral,2026-05-06
A1275,"Hicks, Welch and Anderson",Design & Creative Services,Nov-25,Startup Event,2026-05-08
A1276,"Thomas, Khan and Stark",IT Consulting,01-Oct,Organic Search,2026-05-10
A1277,Chambers-Wilcox,Design & Creative Services,Nov-25,Partner Network,2026-05-11
A1278,Hess-Jones,IT Consulting,01-Oct,Organic Search,2026-05-12
A1279,Vargas-Hawkins,Business Consulting,01-Oct,Organic Search,2026-05-13
A1280,Morgan PLC,Software Development,01-Oct,Startup Event,2026-05-13
A1281,"Dorsey, Quinn and Chavez",Marketing Agency,Nov-25,Organic Search,2026-05-13
A1282,Miller-Boone,Recruitment & HR Services,Nov-25,Partner Network,2026-05-15
A1283,Miller Inc,Marketing Agency,01-Oct,Partner Network,2026-05-17
A1284,"Wright, Moss and Ingram",Business Consulting,Nov-25,Referral,2026-05-18
A1285,"Stephens, Burnett and Marshall",Software Development,01-Oct,Startup Event,2026-05-19
A1286,Summers-Miranda,Digital Media & Content,Nov-25,Organic Search,2026-05-19
A1287,Higgins LLC,Software Development,01-Oct,Partner Network,2026-05-19
A1288,Johnson Inc,IT Consulting,Nov-25,Startup Event,2026-05-22
A1289,Flores Inc,Software Development,Nov-25,Referral,2026-05-22
A1290,Barnes-Greene,Marketing Agency,01-Oct,Organic Search,2026-05-23
A1291,Marshall PLC,Design & Creative Services,Nov-25,Referral,2026-05-24
A1292,Perez-Dixon,Software Development,Nov-25,Organic Search,2026-05-27
A1293,"Jenkins, Jones and Reyes",Marketing Agency,26-50,Referral,2026-05-27
A1294,"Watkins, Wells and Chandler",IT Consulting,01-Oct,Referral,2026-05-30
A1295,"Garza, Jimenez and Ramirez",Software Development,Nov-25,Startup Event,2026-06-02
A1296,Gonzalez PLC,Design & Creative Services,01-Oct,Organic Search,2026-06-03
A1297,Nelson-Tucker,Marketing Agency,01-Oct,Organic Search,2026-06-08
A1298,"Oliver, White and Jenkins",IT Consulting,01-Oct,Partner Network,2026-06-08
A1299,Ortega-Romero,Software Development,01-Oct,Organic Search,2026-06-09
A1300,Beck and Sons,Marketing Agency,01-Oct,Organic Search,2026-06-12
A1301,Johnston-Lewis,Digital Media & Content,01-Oct,Startup Event,2026-06-12
A1302,Mooney Group,Design & Creative Services,01-Oct,Organic Search,2026-06-12
A1303,Richard-Lee,Business Consulting,Nov-25,Referral,2026-06-12
A1304,Jones-Williams,Design & Creative Services,01-Oct,Startup Event,2026-06-13
A1305,Guerrero-Webb,Marketing Agency,Nov-25,Organic Search,2026-06-14
A1306,Hendricks Ltd,Marketing Agency,01-Oct,Organic Search,2026-06-14
A1307,Mcguire Inc,Design & Creative Services,Nov-25,Organic Search,2026-06-14
A1308,Roberson LLC,Recruitment & HR Services,01-Oct,Startup Event,2026-06-16
A1309,Hendrix-Wallace,Design & Creative Services,01-Oct,Organic Search,2026-06-19
A1310,Hall-Jones,Design & Creative Services,Nov-25,Referral,2026-06-22
A1311,"Avery, Lane and Hawkins",Marketing Agency,Nov-25,Referral,2026-06-22
A1312,Torres-Hayes,Software Development,01-Oct,Startup Event,2026-06-22
A1313,Perez Ltd,IT Consulting,26-50,Partner Network,2026-06-23
A1314,Stewart PLC,Marketing Agency,Nov-25,Organic Search,2026-06-24
A1315,Williams Group,Recruitment & HR Services,Nov-25,Referral,2026-06-26
A1316,Bell-Oneal,Software Development,26-50,Referral,2026-06-26
A1317,Jackson Group,Legal Services,Nov-25,Partner Network,2026-06-30
