user_id,account_id,first_name,last_name,email,role,join_date,is_active
U10001,A1001,Samuel,Thomas,samuel.thomas@tuckerjimenez.ee,Owner,2025-07-07,1
U10002,A1001,Jean,Mckenzie,jean.mckenzie@tuckerjimenez.ee,Manager,2025-07-04,1
U10003,A1002,Glenn,Robertson,glenn.robertson@wongmoore.ee,Owner,2025-07-13,1
U10004,A1002,Shawn,Parsons,shawn.parsons@wongmoore.ee,Admin,2025-07-12,1
U10005,A1002,Christopher,Logan,christopher.logan@wongmoore.ee,Member,2025-07-12,1
U10006,A1002,Cristian,Miller,cristian.miller@wongmoore.ee,Manager,2025-07-09,1
U10007,A1002,Samantha,Meyer,samantha.meyer@wongmoore.ee,Member,2025-07-08,1
U10008,A1002,Jimmy,Lyons,jimmy.lyons@wongmoore.ee,Admin,2025-07-07,1
U10009,A1002,Jessica,Rodgers,jessica.rodgers@wongmoore.ee,Admin,2025-07-18,1
U10010,A1002,Christopher,Anderson,christopher.anderson@wongmoore.ee,Admin,2025-07-06,1
U10011,A1002,Sara,Barton,sara.barton@wongmoore.ee,Manager,2025-07-05,1
U10012,A1002,Lucas,Moyer,lucas.moyer@wongmoore.ee,Manager,2025-07-07,1
U10013,A1002,Tony,Ellis,tony.ellis@wongmoore.ee,Member,2025-07-11,1
U10014,A1002,Susan,Forbes,susan.forbes@wongmoore.ee,Member,2025-07-12,1
U10015,A1002,Katherine,Key,katherine.key@wongmoore.ee,Manager,2025-07-05,1
U10016,A1002,Tammy,Quinn,tammy.quinn@wongmoore.ee,Manager,2025-07-11,1
U10017,A1002,Crystal,Sheppard,crystal.sheppard@wongmoore.ee,Admin,2025-07-18,1
U10018,A1002,Javier,Harper,javier.harper@wongmoore.ee,Admin,2025-07-12,1
U10019,A1003,Natalie,Wright,natalie.wright@marshalladkinsandkim.ee,Owner,2025-07-23,1
U10020,A1003,Stephanie,Hernandez,stephanie.hernandez@marshalladkinsandkim.ee,Manager,2025-07-17,1
U10021,A1003,Tony,Lewis,tony.lewis@marshalladkinsandkim.ee,Admin,2025-07-09,1
U10022,A1004,Vanessa,Massey,vanessa.massey@murphycoxandmiller.ee,Owner,2025-07-14,1
U10023,A1004,Jennifer,Weaver,jennifer.weaver@murphycoxandmiller.ee,Admin,2025-07-22,1
U10024,A1004,William,Walters,william.walters@murphycoxandmiller.ee,Admin,2025-07-19,1
U10025,A1005,Peter,Cabrera,peter.cabrera@johnson.ee,Owner,2025-07-22,1
U10026,A1005,Michelle,Kemp,michelle.kemp@johnson.ee,Manager,2025-07-18,0
U10027,A1006,Daniel,Levy,daniel.levy@owenplc.ee,Owner,2025-07-24,1
U10028,A1006,Brent,Boyd,brent.boyd@owenplc.ee,Member,2025-07-28,1
U10029,A1006,Claudia,Hooper,claudia.hooper@owenplc.ee,Admin,2025-07-21,1
U10030,A1006,Philip,Bass,philip.bass@owenplc.ee,Manager,2025-07-20,1
U10031,A1007,Danielle,Ford,danielle.ford@lopezleeandcompton.ee,Owner,2025-08-04,1
U10032,A1007,Zachary,Robinson,zachary.robinson@lopezleeandcompton.ee,Manager,2025-07-26,1
U10033,A1008,Tammy,Kelly,tammy.kelly@myersplc.ee,Owner,2025-08-03,1
U10034,A1008,Erin,,erin@myersplc.ee,Manager,2025-08-03,1
U10035,A1008,Anne,Roberts,anne.roberts@myersplc.ee,Admin,2025-07-31,1
U10036,A1008,Brian,Johnson,brian.johnson@myersplc.ee,Member,2025-07-24,1
U10037,A1008,Jessica,Medina,jessica.medina@myersplc.ee,Member,2025-08-06,1
U10038,A1008,Lisa,Madden,lisa.madden@myersplc.ee,Manager,2025-07-26,1
U10039,A1008,Edward,Woods,edward.woods@myersplc.ee,Admin,2025-08-04,1
U10040,A1008,Rachel,Solis,rachel.solis@myersplc.ee,Member,2025-07-25,1
U10041,A1008,Charles,Turner,charles.turner@myersplc.ee,Manager,2025-08-01,1
U10042,A1009,Howard,Phillips,howard.phillips@humphreyfitzgeraldandwhite.ee,Owner,2025-08-06,1
U10043,A1010,John,Ellis,john.ellis@mcdonaldparker.ee,Owner,2025-08-03,1
U10044,A1010,Pamela,Ruiz,pamela.ruiz@mcdonaldparker.ee,Manager,2025-07-30,1
U10045,A1010,Christopher,Nelson,christopher.nelson@mcdonaldparker.ee,Manager,2025-07-29,1
U10046,A1011,Tracy,Simpson,tracy.simpson@gillcontreras.ee,Owner,2025-08-04,1
U10047,A1011,Annette,Lewis,annette.lewis@gillcontreras.ee,Manager,2025-08-06,1
U10048,A1011,Victor,Reynolds,victor.reynolds@gillcontreras.ee,Admin,2025-07-30,1
U10049,A1011,Jessica,Hoover,jessica.hoover@gillcontreras.ee,Member,2025-08-04,1
U10050,A1011,Danielle,Rodriguez,danielle.rodriguez@gillcontreras.ee,Member,2025-07-31,1
U10051,A1011,Helen,Brown,helen.brown@gillcontreras.ee,Manager,2025-08-09,1
U10052,A1012,Crystal,Hutchinson,crystal.hutchinson@lindseybailey.ee,Owner,2025-08-06,1
U10053,A1012,Jennifer,Liu,jennifer.liu@lindseybailey.ee,Member,2025-08-12,1
U10054,A1012,Christine,Carr,christine.carr@lindseybailey.ee,Admin,2025-08-09,1
U10055,A1012,Amanda,Robinson,amanda.robinson@lindseybailey.ee,Member,2025-08-03,1
U10056,A1012,Victor,Diaz,victor.diaz@lindseybailey.ee,Member,2025-08-09,1
U10057,A1012,Michelle,Hernandez,michelle.hernandez@lindseybailey.ee,Member,2025-08-09,1
U10058,A1012,Lynn,Wilson,lynn.wilson@lindseybailey.ee,Manager,2025-08-04,1
U10059,A1012,Noah,Ford,noah.ford@lindseybailey.ee,Manager,2025-08-06,1
U10060,A1012,Amber,Morris,amber.morris@lindseybailey.ee,Member,2025-07-31,1
U10061,A1013,Sean,Logan,sean.logan@gravesfrazierandjimenez.ee,Owner,2025-08-06,1
U10062,A1013,Kelly,Carney,kelly.carney@gravesfrazierandjimenez.ee,Admin,2025-08-08,0
U10063,A1013,Chad,Stewart,chad.stewart@gravesfrazierandjimenez.ee,Member,2025-08-06,1
U10064,A1013,Amanda,Hensley,amanda.hensley@gravesfrazierandjimenez.ee,Manager,2025-08-15,1
U10065,A1014,Nichole,Shepard,nichole.shepard@chandlerandsons.ee,Owner,2025-08-16,1
U10066,A1015,Lindsay,Washington,lindsay.washington@garnerbaker.ee,Owner,2025-08-12,1
U10067,A1015,Troy,Black,troy.black@garnerbaker.ee,Admin,2025-08-11,1
U10068,A1016,Sarah,Moore,sarah.moore@barker.ee,Owner,2025-08-16,0
U10069,A1016,Samuel,Smith,samuel.smith@barker.ee,Admin,2025-08-07,1
U10070,A1017,Rodney,Little,rodney.little@sanchezplc.ee,Owner,2025-08-20,1
U10071,A1018,Jorge,Hall,jorge.hall@baileysnyderandbates.ee,Owner,2025-08-19,1
U10072,A1019,Jeffrey,Rodriguez,jeffrey.rodriguez@beckshafferandgreen.ee,Owner,2025-08-29,1
U10073,A1020,Alexandra,Vazquez,alexandra.vazquez@robinson.ee,Owner,2025-09-01,1
U10074,A1020,Jessica,,jessica@robinson.ee,Manager,2025-08-28,1
U10075,A1020,Alexander,Smith,alexander.smith@robinson.ee,Admin,2025-08-22,1
U10076,A1020,Michelle,Schwartz,michelle.schwartz@robinson.ee,Member,2025-08-26,1
U10077,A1020,Angelica,Hampton,angelica.hampton@robinson.ee,Member,2025-08-30,1
U10078,A1020,Patricia,Cooper,patricia.cooper@robinson.ee,Member,2025-08-26,1
U10079,A1021,Troy,Hoffman,troy.hoffman@johnsonberry.ee,Owner,2025-09-04,1
U10080,A1021,Corey,Gardner,corey.gardner@johnsonberry.ee,Member,2025-09-01,1
U10081,A1021,Michael,Davis,michael.davis@johnsonberry.ee,Manager,2025-09-03,1
U10082,A1022,Brittany,Swanson,brittany.swanson@brownplc.ee,Owner,2025-08-26,1
U10083,A1022,Mary,Edwards,mary.edwards@brownplc.ee,Member,2025-08-30,1
U10084,A1023,Darren,Holt,darren.holt@carrdavis.ee,Owner,2025-08-28,1
U10085,A1024,Raymond,Lyons,raymond.lyons@barnesholmesandgilbert.ee,Owner,2025-09-02,1
U10086,A1024,Laura,Beck,laura.beck@barnesholmesandgilbert.ee,Admin,2025-09-03,1
U10087,A1024,Michael,Hill,michael.hill@barnesholmesandgilbert.ee,Admin,2025-09-08,1
U10088,A1024,Morgan,Clay,morgan.clay@barnesholmesandgilbert.ee,Admin,2025-09-07,1
U10089,A1025,Sean,Bell,sean.bell@castrotayloranddavis.ee,Owner,2025-09-08,1
U10090,A1026,Eric,Shea,eric.shea@valencia.ee,Owner,2025-09-05,1
U10091,A1027,Krista,Miller,krista.miller@bushalvarezandcampbell.ee,Owner,2025-09-04,1
U10092,A1027,Matthew,Escobar,matthew.escobar@bushalvarezandcampbell.ee,Manager,2025-09-15,1
U10093,A1028,Andrew,Larson,andrew.larson@coxberryandbradley.ee,Owner,2025-09-02,1
U10094,A1028,Matthew,Knapp,matthew.knapp@coxberryandbradley.ee,Manager,2025-09-01,1
U10095,A1029,Max,York,max.york@parksbrockandortiz.ee,Owner,2025-09-04,1
U10096,A1029,Samantha,Moore,samantha.moore@parksbrockandortiz.ee,Member,2025-09-05,1
U10097,A1030,Mary,Byrd,mary.byrd@jonesburns.ee,Owner,2025-09-07,1
U10098,A1030,Christina,Taylor,christina.taylor@jonesburns.ee,Member,2025-09-15,1
U10099,A1030,David,Perez,david.perez@jonesburns.ee,Admin,2025-09-04,1
U10100,A1030,Sean,Myers,sean.myers@jonesburns.ee,Admin,2025-09-14,1
U10101,A1031,James,,james@floresjohnson.ee,Owner,2025-09-14,1
U10102,A1032,Susan,Austin,susan.austin@bowmanwilliams.ee,Owner,2025-09-17,1
U10103,A1033,Maria,Hancock,maria.hancock@williamsonwellsandlopez.ee,Owner,2025-09-13,1
U10104,A1033,Matthew,Simmons,matthew.simmons@williamsonwellsandlopez.ee,Admin,2025-09-05,1
U10105,A1034,Gregory,Perez,gregory.perez@costarojas.ee,Owner,2025-09-12,1
U10106,A1034,Terry,Garcia,terry.garcia@costarojas.ee,Member,2025-09-17,1
U10107,A1034,Joseph,Craig,joseph.craig@costarojas.ee,Admin,2025-09-19,1
U10108,A1034,Nicole,Lin,nicole.lin@costarojas.ee,Admin,2025-09-12,1
U10109,A1034,Nathan,Moore,nathan.moore@costarojas.ee,Member,2025-09-18,1
U10110,A1034,Shawn,Parker,shawn.parker@costarojas.ee,Member,2025-09-22,1
U10111,A1034,Kimberly,Carrillo,kimberly.carrillo@costarojas.ee,Admin,2025-09-14,1
U10112,A1035,Sylvia,Robinson,sylvia.robinson@edwardsplc.ee,Owner,2025-09-24,0
U10113,A1035,Gerald,Anderson,gerald.anderson@edwardsplc.ee,Member,2025-09-10,0
U10114,A1035,Belinda,Smith,belinda.smith@edwardsplc.ee,Admin,2025-09-18,1
U10115,A1036,Julie,Morales,julie.morales@riverathompson.ee,Owner,2025-09-15,1
U10116,A1036,Heather,Gibson,heather.gibson@riverathompson.ee,Admin,2025-09-13,1
U10117,A1037,Gary,Brown,gary.brown@hollandyu.ee,Owner,2025-09-19,1
U10118,A1038,Jessica,Mccoy,jessica.mccoy@sanford.ee,Owner,2025-09-20,1
U10119,A1038,John,Hernandez,john.hernandez@sanford.ee,Member,2025-09-18,1
U10120,A1038,Anita,Nunez,anita.nunez@sanford.ee,Manager,2025-09-25,1
U10121,A1038,Christopher,Dunn,christopher.dunn@sanford.ee,Member,2025-09-19,1
U10122,A1039,Roger,Irwin,roger.irwin@longfranklinandhines.ee,Owner,2025-09-21,1
U10123,A1039,Susan,Berry,susan.berry@longfranklinandhines.ee,Manager,2025-10-01,1
U10124,A1039,Jose,Foster,jose.foster@longfranklinandhines.ee,Member,2025-10-06,0
U10125,A1040,Thomas,Cooper,thomas.cooper@andrewsrobbinsandwalker.ee,Owner,2025-09-23,1
U10126,A1041,Stephen,Hopkins,stephen.hopkins@calderontaylorandmoore.ee,Owner,2025-09-27,1
U10127,A1042,Melissa,Johnson,melissa.johnson@brown.ee,Owner,2025-10-07,0
U10128,A1043,Shelby,Cordova,shelby.cordova@shepherdburgess.ee,Owner,2025-10-05,1
U10129,A1043,Kimberly,Ruiz,kimberly.ruiz@shepherdburgess.ee,Manager,2025-10-03,1
U10130,A1043,Andrew,Williams,andrew.williams@shepherdburgess.ee,Admin,2025-09-27,1
U10131,A1043,Robert,Smith,robert.smith@shepherdburgess.ee,Admin,2025-10-03,1
U10132,A1043,John,Brooks,john.brooks@shepherdburgess.ee,Manager,2025-09-28,1
U10133,A1043,John,Waters,john.waters@shepherdburgess.ee,Manager,2025-09-28,1
U10134,A1043,Cristina,Hanson,cristina.hanson@shepherdburgess.ee,Manager,2025-10-11,1
U10135,A1043,Craig,Fowler,craig.fowler@shepherdburgess.ee,Manager,2025-09-28,1
U10136,A1043,Jessica,Lopez,jessica.lopez@shepherdburgess.ee,Admin,2025-09-30,1
U10137,A1044,Jack,Parker,jack.parker@kempferguson.ee,Owner,2025-10-01,0
U10138,A1044,Molly,Bishop,molly.bishop@kempferguson.ee,Member,2025-10-12,1
U10139,A1044,Sarah,Green,sarah.green@kempferguson.ee,Admin,2025-10-02,1
U10140,A1044,Leah,Cook,leah.cook@kempferguson.ee,Member,2025-10-05,1
U10141,A1044,Mary,Banks,mary.banks@kempferguson.ee,Manager,2025-10-10,1
U10142,A1044,Cheryl,Mack,cheryl.mack@kempferguson.ee,Admin,2025-10-03,1
U10143,A1044,Margaret,Wallace,margaret.wallace@kempferguson.ee,Member,2025-10-03,1
U10144,A1044,Mary,Randolph,mary.randolph@kempferguson.ee,Member,2025-10-06,1
U10145,A1044,Samantha,Schmidt,samantha.schmidt@kempferguson.ee,Admin,2025-10-09,1
U10146,A1044,Jeffery,White,jeffery.white@kempferguson.ee,Member,2025-10-08,1
U10147,A1044,Carrie,Johnson,carrie.johnson@kempferguson.ee,Member,2025-10-11,1
U10148,A1045,David,Adams,david.adams@johnsonmiller.ee,Owner,2025-10-11,1
U10149,A1045,Adam,Wilson,adam.wilson@johnsonmiller.ee,Manager,2025-09-30,1
U10150,A1046,Shane,Williams,shane.williams@stokes.ee,Owner,2025-10-07,1
U10151,A1046,Derrick,Stevens,derrick.stevens@stokes.ee,Manager,2025-10-07,1
U10152,A1046,Benjamin,Lee,benjamin.lee@stokes.ee,Admin,2025-10-02,1
U10153,A1047,Wayne,Daniel,wayne.daniel@riverahughes.ee,Owner,2025-10-14,1
U10154,A1047,Breanna,Rubio,breanna.rubio@riverahughes.ee,Member,2025-10-04,1
U10155,A1048,Cindy,Porter,cindy.porter@whiteheadwilson.ee,Owner,2025-10-11,1
U10156,A1049,Alex,Frazier,alex.frazier@russowattsandcasey.ee,Owner,2025-10-14,1
U10157,A1050,Shannon,Wood,shannon.wood@pageplc.ee,Owner,2025-10-09,1
U10158,A1051,Kimberly,,kimberly@peterson.ee,Owner,2025-10-11,1
U10159,A1051,Roger,Hernandez,roger.hernandez@peterson.ee,Manager,2025-10-10,1
U10160,A1051,Danielle,Mueller,danielle.mueller@peterson.ee,Manager,2025-10-16,1
U10161,A1052,David,Stone,david.stone@westsmith.ee,Owner,2025-10-11,1
U10162,A1052,Daniel,Gray,daniel.gray@westsmith.ee,Member,2025-10-10,1
U10163,A1052,Tracy,Gibson,tracy.gibson@westsmith.ee,Manager,2025-10-19,1
U10164,A1053,Patricia,Miller,patricia.miller@rowlandclineandingram.ee,Owner,2025-10-12,1
U10165,A1053,Michael,Foster,michael.foster@rowlandclineandingram.ee,Manager,2025-10-17,1
U10166,A1053,Randy,Robinson,randy.robinson@rowlandclineandingram.ee,Manager,2025-10-18,1
U10167,A1053,Emma,Peterson,emma.peterson@rowlandclineandingram.ee,Manager,2025-10-25,1
U10168,A1053,Dawn,Price,dawn.price@rowlandclineandingram.ee,Member,2025-10-16,1
U10169,A1053,Lauren,Farmer,lauren.farmer@rowlandclineandingram.ee,Manager,2025-10-14,1
U10170,A1053,Isaiah,Collier,isaiah.collier@rowlandclineandingram.ee,Member,2025-10-25,1
U10171,A1054,David,Carlson,david.carlson@bryantwolfandperry.ee,Owner,2025-10-18,1
U10172,A1054,Roy,Neal,roy.neal@bryantwolfandperry.ee,Member,2025-10-26,1
U10173,A1054,Pamela,Lang,pamela.lang@bryantwolfandperry.ee,Member,2025-10-24,1
U10174,A1054,Renee,Barron,renee.barron@bryantwolfandperry.ee,Manager,2025-10-17,1
U10175,A1054,Kristen,Taylor,kristen.taylor@bryantwolfandperry.ee,Admin,2025-10-14,1
U10176,A1054,Benjamin,Cantrell,benjamin.cantrell@bryantwolfandperry.ee,Member,2025-10-14,1
U10177,A1055,Paul,Nelson,paul.nelson@proctorhamiltonandbaker.ee,Owner,2025-10-25,1
U10178,A1055,Joseph,Barnett,joseph.barnett@proctorhamiltonandbaker.ee,Admin,2025-10-23,1
U10179,A1055,Christopher,Chavez,christopher.chavez@proctorhamiltonandbaker.ee,Member,2025-10-25,1
U10180,A1056,Robert,Bowers,robert.bowers@smithvillarrealandmcclain.ee,Owner,2025-10-25,1
U10181,A1056,Jared,Lee,jared.lee@smithvillarrealandmcclain.ee,Manager,2025-10-26,1
U10182,A1056,Elizabeth,Simpson,elizabeth.simpson@smithvillarrealandmcclain.ee,Manager,2025-10-13,1
U10183,A1056,Jason,Mack,jason.mack@smithvillarrealandmcclain.ee,Manager,2025-10-15,1
U10184,A1056,Frank,Kaiser,frank.kaiser@smithvillarrealandmcclain.ee,Admin,2025-10-13,1
U10185,A1056,Regina,Thompson,regina.thompson@smithvillarrealandmcclain.ee,Admin,2025-10-24,1
U10186,A1056,Garrett,Coffey,garrett.coffey@smithvillarrealandmcclain.ee,Member,2025-10-22,1
U10187,A1056,Anne,Mason,anne.mason@smithvillarrealandmcclain.ee,Member,2025-10-15,1
U10188,A1057,Billy,Salazar,billy.salazar@huang.ee,Owner,2025-10-20,1
U10189,A1057,Jennifer,Hughes,jennifer.hughes@huang.ee,Admin,2025-10-19,1
U10190,A1057,Troy,Cline,troy.cline@huang.ee,Admin,2025-10-19,1
U10191,A1057,Anthony,Clark,anthony.clark@huang.ee,Admin,2025-10-27,1
U10192,A1057,Dennis,Barker,dennis.barker@huang.ee,Manager,2025-10-17,1
U10193,A1057,Spencer,Garcia,spencer.garcia@huang.ee,Manager,2025-10-26,1
U10194,A1057,John,Jackson,john.jackson@huang.ee,Member,2025-10-18,1
U10195,A1057,Jillian,Taylor,jillian.taylor@huang.ee,Member,2025-10-21,1
U10196,A1058,John,Martinez,john.martinez@dunlap.ee,Owner,2025-10-28,0
U10197,A1059,Edward,Tapia,edward.tapia@alvarezshortandbarnes.ee,Owner,2025-10-25,1
U10198,A1059,Linda,Stewart,linda.stewart@alvarezshortandbarnes.ee,Admin,2025-10-20,1
U10199,A1059,Randy,Burgess,randy.burgess@alvarezshortandbarnes.ee,Manager,2025-11-01,1
U10200,A1060,Cynthia,Keller,cynthia.keller@andersonsullivanandwells.ee,Owner,2025-10-23,1
U10201,A1060,Phillip,Hughes,phillip.hughes@andersonsullivanandwells.ee,Member,2025-10-21,1
U10202,A1061,Charles,,charles@woodslewis.ee,Owner,2025-10-23,1
U10203,A1062,Sean,Barr,sean.barr@cobbkingandjohnson.ee,Owner,2025-10-25,1
U10204,A1062,Jeffrey,Russell,jeffrey.russell@cobbkingandjohnson.ee,Admin,2025-10-30,1
U10205,A1063,Jessica,Zuniga,jessica.zuniga@huynhplc.ee,Owner,2025-10-30,1
U10206,A1063,Rachel,Cline,rachel.cline@huynhplc.ee,Member,2025-11-07,1
U10207,A1063,Christine,Griffith,christine.griffith@huynhplc.ee,Manager,2025-11-09,0
U10208,A1063,Sabrina,Reid,sabrina.reid@huynhplc.ee,Admin,2025-11-09,1
U10209,A1063,Emily,Berg,emily.berg@huynhplc.ee,Member,2025-10-31,1
U10210,A1064,Curtis,Dorsey,curtis.dorsey@vargasandsons.ee,Owner,2025-11-06,1
U10211,A1064,Brenda,Zhang,brenda.zhang@vargasandsons.ee,Member,2025-10-26,1
U10212,A1065,Tammy,Pope,tammy.pope@curtisyoung.ee,Owner,2025-10-30,1
U10213,A1065,Jasmine,Conner,jasmine.conner@curtisyoung.ee,Manager,2025-11-06,1
U10214,A1066,Sheryl,Whitaker,sheryl.whitaker@torresplc.ee,Owner,2025-10-29,1
U10215,A1066,Tanya,Sellers,tanya.sellers@torresplc.ee,Admin,2025-11-10,1
U10216,A1066,Natalie,Dougherty,natalie.dougherty@torresplc.ee,Admin,2025-11-06,1
U10217,A1066,Tina,Washington,tina.washington@torresplc.ee,Manager,2025-11-12,1
U10218,A1066,Levi,Carpenter,levi.carpenter@torresplc.ee,Admin,2025-11-07,1
U10219,A1066,Sue,Wiley,sue.wiley@torresplc.ee,Manager,2025-11-11,0
U10220,A1067,Cheryl,Hicks,cheryl.hicks@leon.ee,Owner,2025-11-14,1
U10221,A1067,Amy,Johnson,amy.johnson@leon.ee,Admin,2025-11-03,1
U10222,A1067,James,Moreno,james.moreno@leon.ee,Member,2025-11-05,1
U10223,A1067,Joanna,Wilson,joanna.wilson@leon.ee,Manager,2025-11-08,1
U10224,A1067,Joy,Hamilton,joy.hamilton@leon.ee,Member,2025-11-05,1
U10225,A1068,Theresa,Johnson,theresa.johnson@millschaneyandalvarez.ee,Owner,2025-11-01,1
U10226,A1068,Victoria,Vargas,victoria.vargas@millschaneyandalvarez.ee,Manager,2025-11-01,1
U10227,A1068,Benjamin,Perez,benjamin.perez@millschaneyandalvarez.ee,Admin,2025-11-10,1
U10228,A1069,Jill,Garcia,jill.garcia@stevenson.ee,Owner,2025-11-02,1
U10229,A1069,Steven,Moore,steven.moore@stevenson.ee,Manager,2025-11-02,1
U10230,A1069,Angela,Greene,angela.greene@stevenson.ee,Manager,2025-11-16,1
U10231,A1070,Ellen,Ruiz,ellen.ruiz@mercer.ee,Owner,2025-11-06,1
U10232,A1070,Stephen,Adkins,stephen.adkins@mercer.ee,Admin,2025-11-02,0
U10233,A1070,Kimberly,Garza,kimberly.garza@mercer.ee,Admin,2025-11-03,1
U10234,A1070,Gabrielle,Baldwin,gabrielle.baldwin@mercer.ee,Admin,2025-11-06,1
U10235,A1070,Charles,Morris,charles.morris@mercer.ee,Member,2025-11-03,1
U10236,A1071,Shawn,Morgan,shawn.morgan@jonesbryantandblake.ee,Owner,2025-11-04,1
U10237,A1072,Ryan,Ramirez,ryan.ramirez@jacksondavis.ee,Owner,2025-11-10,1
U10238,A1073,Jeffery,Zimmerman,jeffery.zimmerman@brownpeterson.ee,Owner,2025-11-15,1
U10239,A1073,Matthew,Webb,matthew.webb@brownpeterson.ee,Member,2025-11-06,1
U10240,A1074,Charles,Simmons,charles.simmons@reynoldsbooker.ee,Owner,2025-11-10,1
U10241,A1075,Robin,Shepard,robin.shepard@garretthamptonandlowe.ee,Owner,2025-11-07,1
U10242,A1075,Andrew,Hurst,andrew.hurst@garretthamptonandlowe.ee,Manager,2025-11-08,1
U10243,A1076,Bernard,Morris,bernard.morris@smithallenandjohnson.ee,Owner,2025-11-23,1
U10244,A1077,Jasmine,Barrera,jasmine.barrera@averyharrisandpeters.ee,Owner,2025-11-20,1
U10245,A1077,Amy,Franklin,amy.franklin@averyharrisandpeters.ee,Manager,2025-11-18,1
U10246,A1077,Tanner,Petty,tanner.petty@averyharrisandpeters.ee,Manager,2025-11-16,1
U10247,A1078,Christine,Oconnor,christine.oconnor@wilsonrileyandrodriguez.ee,Owner,2025-11-20,0
U10248,A1079,Mikayla,Day,mikayla.day@mcbride.ee,Owner,2025-11-21,1
U10249,A1079,Matthew,Edwards,matthew.edwards@mcbride.ee,Manager,2025-11-22,1
U10250,A1079,Charles,Porter,charles.porter@mcbride.ee,Member,2025-11-26,1
U10251,A1079,Kayla,Smith,kayla.smith@mcbride.ee,Admin,2025-11-18,1
U10252,A1080,Casey,Love,casey.love@rangelwatsonandjohnson.ee,Owner,2025-11-23,1
U10253,A1081,Erin,Gonzalez,erin.gonzalez@wilson.ee,Owner,2025-11-28,1
U10254,A1081,Rebecca,Gutierrez,rebecca.gutierrez@wilson.ee,Member,2025-11-24,1
U10255,A1081,Timothy,Monroe,timothy.monroe@wilson.ee,Manager,2025-11-16,1
U10256,A1081,Adam,Wang,adam.wang@wilson.ee,Manager,2025-11-14,1
U10257,A1081,Diana,Hudson,diana.hudson@wilson.ee,Admin,2025-11-28,1
U10258,A1081,Sara,Bates,sara.bates@wilson.ee,Manager,2025-11-17,1
U10259,A1081,Jennifer,Davis,jennifer.davis@wilson.ee,Manager,2025-11-16,1
U10260,A1081,Carol,Evans,carol.evans@wilson.ee,Member,2025-11-20,1
U10261,A1082,Sean,Collins,sean.collins@parkergrayandsmith.ee,Owner,2025-11-23,1
U10262,A1082,Tammy,Jones,tammy.jones@parkergrayandsmith.ee,Manager,2025-11-19,1
U10263,A1082,Connor,Ballard,connor.ballard@parkergrayandsmith.ee,Member,2025-11-26,1
U10264,A1082,Maria,Jackson,maria.jackson@parkergrayandsmith.ee,Member,2025-11-17,1
U10265,A1083,Brandon,Moore,brandon.moore@fitzpatrickdurham.ee,Owner,2025-11-22,1
U10266,A1084,Gina,Mayer,gina.mayer@reedmirandaandcarter.ee,Owner,2025-11-29,1
U10267,A1084,David,Curry,david.curry@reedmirandaandcarter.ee,Manager,2025-11-27,1
U10268,A1084,Matthew,Williams,matthew.williams@reedmirandaandcarter.ee,Member,2025-11-23,1
U10269,A1084,Lisa,Welch,lisa.welch@reedmirandaandcarter.ee,Admin,2025-12-02,1
U10270,A1084,Robin,Johnson,robin.johnson@reedmirandaandcarter.ee,Member,2025-11-27,1
U10271,A1085,Matthew,Li,matthew.li@wilsonli.ee,Owner,2025-11-20,1
U10272,A1085,Jordan,Jones,jordan.jones@wilsonli.ee,Manager,2025-11-29,1
U10273,A1085,Kristina,Gross,kristina.gross@wilsonli.ee,Manager,2025-11-23,1
U10274,A1086,Michael,Peterson,michael.peterson@walshgarcia.ee,Owner,2025-11-24,1
U10275,A1087,Carol,Valdez,carol.valdez@woodwardramirezandcarroll.ee,Owner,2025-11-29,1
U10276,A1087,Juan,Cooper,juan.cooper@woodwardramirezandcarroll.ee,Member,2025-11-24,1
U10277,A1088,Kevin,Fleming,kevin.fleming@soto.ee,Owner,2025-11-24,1
U10278,A1088,Thomas,Fields,thomas.fields@soto.ee,Manager,2025-11-25,1
U10279,A1089,Katie,Carter,katie.carter@evansramirezandlynch.ee,Owner,2025-12-01,1
U10280,A1089,Frank,Anderson,frank.anderson@evansramirezandlynch.ee,Manager,2025-12-02,1
U10281,A1089,James,Todd,james.todd@evansramirezandlynch.ee,Manager,2025-11-29,1
U10282,A1089,Michelle,Bradley,michelle.bradley@evansramirezandlynch.ee,Admin,2025-12-03,1
U10283,A1089,Austin,Hernandez,austin.hernandez@evansramirezandlynch.ee,Member,2025-11-29,1
U10284,A1089,Tabitha,Brown,tabitha.brown@evansramirezandlynch.ee,Manager,2025-12-01,1
U10285,A1090,Audrey,Sexton,audrey.sexton@andersonhenry.ee,Owner,2025-12-09,0
U10286,A1091,Amanda,Hurley,amanda.hurley@burke.ee,Owner,2025-12-03,1
U10287,A1092,Vincent,Barnett,vincent.barnett@grayandsons.ee,Owner,2025-11-26,1
U10288,A1093,Cheryl,Miller,cheryl.miller@evansgarcia.ee,Owner,2025-11-30,1
U10289,A1094,Melissa,Kim,melissa.kim@romerowashington.ee,Owner,2025-12-13,0
U10290,A1095,Jared,Dunlap,jared.dunlap@howardandersonandherring.ee,Owner,2025-12-09,1
U10291,A1096,Katie,Hall,katie.hall@williamsrobinson.ee,Owner,2025-12-05,1
U10292,A1097,Tammy,,tammy@sheltonorrandjackson.ee,Owner,2025-12-06,1
U10293,A1098,Mitchell,Hill,mitchell.hill@higginsholmesandcarter.ee,Owner,2025-12-16,1
U10294,A1098,Sara,White,sara.white@higginsholmesandcarter.ee,Member,2025-12-10,1
U10295,A1098,Crystal,Jones,crystal.jones@higginsholmesandcarter.ee,Member,2025-12-14,1
U10296,A1098,Kimberly,Gomez,kimberly.gomez@higginsholmesandcarter.ee,Member,2025-12-11,1
U10297,A1099,Joshua,Frazier,joshua.frazier@maddoxayers.ee,Owner,2025-12-20,1
U10298,A1099,Paul,Martin,paul.martin@maddoxayers.ee,Manager,2025-12-19,1
U10299,A1099,Lisa,,lisa@maddoxayers.ee,Admin,2025-12-06,1
U10300,A1099,Rachel,Perry,rachel.perry@maddoxayers.ee,Member,2025-12-09,1
U10301,A1099,Mitchell,Brown,mitchell.brown@maddoxayers.ee,Member,2025-12-08,1
U10302,A1099,Jason,Mcmillan,jason.mcmillan@maddoxayers.ee,Manager,2025-12-10,1
U10303,A1100,Raymond,Brooks,raymond.brooks@gomezhall.ee,Owner,2025-12-08,1
U10304,A1101,Michelle,Martin,michelle.martin@thomasfoxandhumphrey.ee,Owner,2025-12-20,1
U10305,A1102,Jeffrey,Perkins,jeffrey.perkins@miller.ee,Owner,2025-12-13,1
U10306,A1103,Caroline,Smith,caroline.smith@martinporter.ee,Owner,2025-12-22,1
U10307,A1103,Jeremy,Ross,jeremy.ross@martinporter.ee,Manager,2025-12-13,1
U10308,A1103,Robert,Kennedy,robert.kennedy@martinporter.ee,Member,2025-12-10,0
U10309,A1103,David,Wallace,david.wallace@martinporter.ee,Member,2025-12-18,1
U10310,A1103,Corey,Stephenson,corey.stephenson@martinporter.ee,Admin,2025-12-20,1
U10311,A1104,Eric,Pham,eric.pham@reyeswardanddunn.ee,Owner,2025-12-11,1
U10312,A1104,Amy,Hudson,amy.hudson@reyeswardanddunn.ee,Admin,2025-12-21,1
U10313,A1104,Roger,Mcgrath,roger.mcgrath@reyeswardanddunn.ee,Manager,2025-12-16,1
U10314,A1105,Lonnie,Allen,lonnie.allen@mathiskennedyandlam.ee,Owner,2025-12-17,1
U10315,A1105,Tracey,Hinton,tracey.hinton@mathiskennedyandlam.ee,Manager,2025-12-13,1
U10316,A1105,Kelly,Webb,kelly.webb@mathiskennedyandlam.ee,Member,2025-12-21,1
U10317,A1105,Theresa,Stewart,theresa.stewart@mathiskennedyandlam.ee,Member,2025-12-23,1
U10318,A1105,Wayne,Fitzgerald,wayne.fitzgerald@mathiskennedyandlam.ee,Manager,2025-12-14,1
U10319,A1106,John,Hurst,john.hurst@nguyenduranandgonzalez.ee,Owner,2025-12-17,1
U10320,A1107,Angela,Gonzalez,angela.gonzalez@douglasplc.ee,Owner,2025-12-16,1
U10321,A1108,Aaron,Brooks,aaron.brooks@ruizjohnsonandmarshall.ee,Owner,2025-12-16,1
U10322,A1108,Debra,Guzman,debra.guzman@ruizjohnsonandmarshall.ee,Member,2025-12-24,1
U10323,A1109,Michelle,Diaz,michelle.diaz@zimmerman.ee,Owner,2025-12-12,1
U10324,A1109,Stephanie,Brewer,stephanie.brewer@zimmerman.ee,Admin,2025-12-17,1
U10325,A1110,Holly,Adams,holly.adams@perezvelasquezandgraves.ee,Owner,2025-12-22,1
U10326,A1110,Andrea,Castillo,andrea.castillo@perezvelasquezandgraves.ee,Manager,2025-12-25,1
U10327,A1111,Kenneth,Keller,kenneth.keller@bruceandersonandwatson.ee,Owner,2025-12-19,1
U10328,A1112,Nicholas,Hill,nicholas.hill@valdezbuchananandford.ee,Owner,2025-12-22,1
U10329,A1112,Stephanie,Serrano,stephanie.serrano@valdezbuchananandford.ee,Member,2025-12-19,1
U10330,A1112,Joy,Marks,joy.marks@valdezbuchananandford.ee,Admin,2025-12-17,1
U10331,A1112,Barry,Burgess,barry.burgess@valdezbuchananandford.ee,Admin,2025-12-26,1
U10332,A1112,Mitchell,Carson,mitchell.carson@valdezbuchananandford.ee,Admin,2025-12-15,1
U10333,A1113,Cheryl,Brown,cheryl.brown@sanchezgarner.ee,Owner,2025-12-29,0
U10334,A1113,Zachary,Hunt,zachary.hunt@sanchezgarner.ee,Member,2025-12-21,0
U10335,A1113,Alexander,Campbell,alexander.campbell@sanchezgarner.ee,Admin,2025-12-20,1
U10336,A1113,Christian,Stout,christian.stout@sanchezgarner.ee,Member,2025-12-28,1
U10337,A1114,Mathew,Robinson,mathew.robinson@hart.ee,Owner,2025-12-29,1
U10338,A1114,David,Daniel,david.daniel@hart.ee,Admin,2025-12-27,1
U10339,A1114,James,Choi,james.choi@hart.ee,Manager,2025-12-25,1
U10340,A1115,Megan,Douglas,megan.douglas@cunninghamthomas.ee,Owner,2025-12-25,1
U10341,A1116,Dawn,Hensley,dawn.hensley@rodriguez.ee,Owner,2025-12-21,1
U10342,A1116,Michael,Price,michael.price@rodriguez.ee,Manager,2025-12-27,1
U10343,A1116,Evelyn,Pace,evelyn.pace@rodriguez.ee,Admin,2026-01-02,0
U10344,A1116,Sandra,Sampson,sandra.sampson@rodriguez.ee,Member,2025-12-31,1
U10345,A1116,Andrea,Davis,andrea.davis@rodriguez.ee,Member,2025-12-29,1
U10346,A1116,Kathleen,Lee,kathleen.lee@rodriguez.ee,Admin,2025-12-23,1
U10347,A1116,Andrew,Hawkins,andrew.hawkins@rodriguez.ee,Member,2025-12-29,1
U10348,A1116,Samantha,Miller,samantha.miller@rodriguez.ee,Member,2026-01-01,1
U10349,A1116,Alyssa,Williams,alyssa.williams@rodriguez.ee,Member,2026-01-02,1
U10350,A1116,Laura,Erickson,laura.erickson@rodriguez.ee,Member,2025-12-31,1
U10351,A1116,Nathan,Roy,nathan.roy@rodriguez.ee,Member,2025-12-21,1
U10352,A1117,Lindsey,Williams,lindsey.williams@millerphillips.ee,Owner,2025-12-24,1
U10353,A1117,Steven,Hubbard,steven.hubbard@millerphillips.ee,Member,2025-12-29,1
U10354,A1118,Kylie,Moore,kylie.moore@smithlesterandrussell.ee,Owner,2025-12-27,1
U10355,A1118,Kaitlin,Davidson,kaitlin.davidson@smithlesterandrussell.ee,Manager,2025-12-30,1
U10356,A1118,Erica,Haas,erica.haas@smithlesterandrussell.ee,Admin,2025-12-23,1
U10357,A1118,Reginald,Collins,reginald.collins@smithlesterandrussell.ee,Manager,2025-12-25,1
U10358,A1119,Darlene,Cooper,darlene.cooper@shealuna.ee,Owner,2026-01-08,1
U10359,A1119,Brandon,Cook,brandon.cook@shealuna.ee,Member,2026-01-06,1
U10360,A1119,Gregory,Medina,gregory.medina@shealuna.ee,Admin,2026-01-05,1
U10361,A1119,Rachel,Carroll,rachel.carroll@shealuna.ee,Admin,2026-01-08,1
U10362,A1119,John,Thomas,john.thomas@shealuna.ee,Admin,2025-12-29,1
U10363,A1119,Aaron,Rhodes,aaron.rhodes@shealuna.ee,Manager,2026-01-07,1
U10364,A1119,Rodney,Watson,rodney.watson@shealuna.ee,Manager,2026-01-01,1
U10365,A1120,Patrick,Moore,patrick.moore@landryjohnsonandbarnes.ee,Owner,2026-01-04,1
U10366,A1121,Lorraine,Todd,lorraine.todd@wagnerplc.ee,Owner,2025-12-29,1
U10367,A1121,Roger,Williams,roger.williams@wagnerplc.ee,Member,2026-01-10,1
U10368,A1121,Caitlin,Lowe,caitlin.lowe@wagnerplc.ee,Admin,2025-12-28,1
U10369,A1121,Michele,Boyd,michele.boyd@wagnerplc.ee,Member,2026-01-03,1
U10370,A1121,Kathleen,Lopez,kathleen.lopez@wagnerplc.ee,Manager,2026-01-08,1
U10371,A1121,Julie,Thompson,julie.thompson@wagnerplc.ee,Member,2026-01-10,1
U10372,A1122,Kevin,Stanley,kevin.stanley@collinshayes.ee,Owner,2025-12-31,1
U10373,A1122,Gary,Miller,gary.miller@collinshayes.ee,Member,2026-01-08,1
U10374,A1122,Daniel,Mcpherson,daniel.mcpherson@collinshayes.ee,Member,2026-01-08,1
U10375,A1122,John,Parker,john.parker@collinshayes.ee,Manager,2026-01-01,1
U10376,A1122,Michael,Lambert,michael.lambert@collinshayes.ee,Manager,2026-01-07,1
U10377,A1122,Nancy,Chapman,nancy.chapman@collinshayes.ee,Manager,2026-01-07,1
U10378,A1122,Lydia,Perry,lydia.perry@collinshayes.ee,Member,2026-01-11,1
U10379,A1123,Marco,Peterson,marco.peterson@bakerhortonandmeyer.ee,Owner,2026-01-09,1
U10380,A1124,Cory,Schmidt,cory.schmidt@blanchardwatsonandwilliams.ee,Owner,2026-01-11,1
U10381,A1124,Alex,Larson,alex.larson@blanchardwatsonandwilliams.ee,Manager,2026-01-08,1
U10382,A1124,Kristi,Ortiz,kristi.ortiz@blanchardwatsonandwilliams.ee,Manager,2026-01-03,1
U10383,A1124,Jeffrey,Franco,jeffrey.franco@blanchardwatsonandwilliams.ee,Member,2026-01-05,1
U10384,A1124,Shannon,Costa,shannon.costa@blanchardwatsonandwilliams.ee,Member,2026-01-12,1
U10385,A1125,Justin,Villarreal,justin.villarreal@williamscruz.ee,Owner,2026-01-12,1
U10386,A1126,Kevin,Hardy,kevin.hardy@waltersummers.ee,Owner,2026-01-06,1
U10387,A1126,Timothy,Heath,timothy.heath@waltersummers.ee,Manager,2026-01-10,1
U10388,A1127,Cynthia,Carr,cynthia.carr@lang.ee,Owner,2026-01-15,1
U10389,A1127,Cynthia,Whitney,cynthia.whitney@lang.ee,Admin,2026-01-03,1
U10390,A1127,Stephanie,Jenkins,stephanie.jenkins@lang.ee,Manager,2026-01-12,1
U10391,A1127,Melissa,Smith,melissa.smith@lang.ee,Admin,2026-01-12,1
U10392,A1127,Jose,Fields,jose.fields@lang.ee,Manager,2026-01-09,1
U10393,A1127,Stephanie,Meyer,stephanie.meyer@lang.ee,Manager,2026-01-16,1
U10394,A1128,Patricia,Day,patricia.day@rogerspatterson.ee,Owner,2026-01-14,1
U10395,A1128,Jacqueline,Richards,jacqueline.richards@rogerspatterson.ee,Admin,2026-01-18,1
U10396,A1128,Barbara,Combs,barbara.combs@rogerspatterson.ee,Admin,2026-01-18,1
U10397,A1128,Joseph,Martinez,joseph.martinez@rogerspatterson.ee,Manager,2026-01-18,1
U10398,A1128,Tammy,Webb,tammy.webb@rogerspatterson.ee,Manager,2026-01-10,1
U10399,A1128,Brittney,Harris,brittney.harris@rogerspatterson.ee,Member,2026-01-19,0
U10400,A1129,Laura,Delacruz,laura.delacruz@sullivan.ee,Owner,2026-01-09,1
U10401,A1130,Jesse,Juarez,jesse.juarez@rodriguez.ee,Owner,2026-01-07,1
U10402,A1130,Hannah,Bennett,hannah.bennett@rodriguez.ee,Manager,2026-01-14,1
U10403,A1130,Brandy,Mayer,brandy.mayer@rodriguez.ee,Manager,2026-01-15,1
U10404,A1130,Teresa,Lopez,teresa.lopez@rodriguez.ee,Member,2026-01-07,1
U10405,A1130,John,Nichols,john.nichols@rodriguez.ee,Admin,2026-01-12,1
U10406,A1130,Robert,Trujillo,robert.trujillo@rodriguez.ee,Member,2026-01-14,1
U10407,A1130,Suzanne,Tucker,suzanne.tucker@rodriguez.ee,Manager,2026-01-12,1
U10408,A1130,Michael,Berg,michael.berg@rodriguez.ee,Manager,2026-01-11,1
U10409,A1130,Paul,Lowe,paul.lowe@rodriguez.ee,Member,2026-01-09,1
U10410,A1130,Shannon,Kelly,shannon.kelly@rodriguez.ee,Member,2026-01-05,1
U10411,A1130,Andrew,Morales,andrew.morales@rodriguez.ee,Member,2026-01-06,1
U10412,A1130,Kylie,Cole,kylie.cole@rodriguez.ee,Member,2026-01-12,1
U10413,A1131,Tiffany,Yates,tiffany.yates@robertsonpetersen.ee,Owner,2026-01-20,1
U10414,A1132,Dominique,Singleton,dominique.singleton@mcguire.ee,Owner,2026-01-07,1
U10415,A1132,Kevin,Pollard,kevin.pollard@mcguire.ee,Manager,2026-01-19,1
U10416,A1132,Philip,Johnson,philip.johnson@mcguire.ee,Admin,2026-01-18,1
U10417,A1133,Rebecca,Nichols,rebecca.nichols@cannonmiranda.ee,Owner,2026-01-12,1
U10418,A1134,Brian,Moreno,brian.moreno@woodward.ee,Owner,2026-01-18,0
U10419,A1134,Sarah,Ruiz,sarah.ruiz@woodward.ee,Admin,2026-01-21,0
U10420,A1135,Melissa,Washington,melissa.washington@ortizmunozandking.ee,Owner,2026-01-21,1
U10421,A1135,Todd,Perry,todd.perry@ortizmunozandking.ee,Member,2026-01-16,1
U10422,A1135,Ian,Mcconnell,ian.mcconnell@ortizmunozandking.ee,Manager,2026-01-13,1
U10423,A1135,Jeremiah,Perez,jeremiah.perez@ortizmunozandking.ee,Admin,2026-01-09,1
U10424,A1135,Robert,Hodges,robert.hodges@ortizmunozandking.ee,Member,2026-01-12,1
U10425,A1135,John,Hunt,john.hunt@ortizmunozandking.ee,Admin,2026-01-22,1
U10426,A1135,Vicki,Mathis,vicki.mathis@ortizmunozandking.ee,Manager,2026-01-16,1
U10427,A1136,Ebony,Dunn,ebony.dunn@adamsperezandthomas.ee,Owner,2026-01-14,1
U10428,A1137,Cathy,Owens,cathy.owens@thorntonhebert.ee,Owner,2026-01-24,1
U10429,A1137,Christopher,Bowers,christopher.bowers@thorntonhebert.ee,Member,2026-01-11,1
U10430,A1138,Samantha,Garcia,samantha.garcia@lowery.ee,Owner,2026-01-17,1
U10431,A1138,Brett,Lopez,brett.lopez@lowery.ee,Manager,2026-01-13,1
U10432,A1138,Shawn,Gutierrez,shawn.gutierrez@lowery.ee,Admin,2026-01-24,1
U10433,A1138,Jennifer,Bell,jennifer.bell@lowery.ee,Manager,2026-01-14,0
U10434,A1139,James,Tucker,james.tucker@garciawilsonandgriffith.ee,Owner,2026-01-25,1
U10435,A1140,Harold,Villanueva,harold.villanueva@jacksonmitchellandsmith.ee,Owner,2026-01-21,1
U10436,A1140,Krystal,Leonard,krystal.leonard@jacksonmitchellandsmith.ee,Manager,2026-01-25,1
U10437,A1140,Shelby,Gardner,shelby.gardner@jacksonmitchellandsmith.ee,Admin,2026-01-24,1
U10438,A1141,Robert,Barrera,robert.barrera@smithharris.ee,Owner,2026-01-26,1
U10439,A1141,Brian,Brown,brian.brown@smithharris.ee,Manager,2026-01-17,1
U10440,A1141,Wayne,Gill,wayne.gill@smithharris.ee,Manager,2026-01-27,1
U10441,A1142,Miguel,Hernandez,miguel.hernandez@lindseymurphy.ee,Owner,2026-01-30,1
U10442,A1142,Benjamin,Hawkins,benjamin.hawkins@lindseymurphy.ee,Member,2026-01-24,1
U10443,A1143,Brandi,Gordon,brandi.gordon@rogersbellandli.ee,Owner,2026-01-23,1
U10444,A1143,Gordon,Hall,gordon.hall@rogersbellandli.ee,Manager,2026-01-24,1
U10445,A1143,Steven,Gonzalez,steven.gonzalez@rogersbellandli.ee,Manager,2026-01-31,1
U10446,A1144,Erica,Diaz,erica.diaz@hopkinssmithandhopkins.ee,Owner,2026-01-26,1
U10447,A1145,Matthew,Hodge,matthew.hodge@lawson.ee,Owner,2026-01-28,1
U10448,A1145,David,Graham,david.graham@lawson.ee,Admin,2026-02-03,0
U10449,A1145,Christine,Bailey,christine.bailey@lawson.ee,Member,2026-01-22,1
U10450,A1145,Sheila,Mccarthy,sheila.mccarthy@lawson.ee,Member,2026-01-29,1
U10451,A1145,Emily,Smith,emily.smith@lawson.ee,Member,2026-01-27,1
U10452,A1145,Maria,Terry,maria.terry@lawson.ee,Member,2026-01-28,1
U10453,A1146,George,Harmon,george.harmon@crawfordjones.ee,Owner,2026-01-31,1
U10454,A1146,Bill,Ward,bill.ward@crawfordjones.ee,Admin,2026-01-31,1
U10455,A1147,John,Sweeney,john.sweeney@leefrazier.ee,Owner,2026-01-24,1
U10456,A1147,Erika,Lewis,erika.lewis@leefrazier.ee,Member,2026-01-26,1
U10457,A1148,Amanda,Baldwin,amanda.baldwin@boyerbenson.ee,Owner,2026-01-26,1
U10458,A1149,Curtis,Mcdonald,curtis.mcdonald@freeman.ee,Owner,2026-01-30,1
U10459,A1149,Danny,Lin,danny.lin@freeman.ee,Admin,2026-02-04,1
U10460,A1150,Kent,Perez,kent.perez@gordonandsons.ee,Owner,2026-01-29,1
U10461,A1150,Tara,Miller,tara.miller@gordonandsons.ee,Manager,2026-01-31,1
U10462,A1150,Julie,Stewart,julie.stewart@gordonandsons.ee,Manager,2026-01-27,1
U10463,A1151,Susan,Tran,susan.tran@rogersmacdonald.ee,Owner,2026-02-07,1
U10464,A1151,Katherine,Torres,katherine.torres@rogersmacdonald.ee,Manager,2026-02-07,1
U10465,A1151,Jason,Olsen,jason.olsen@rogersmacdonald.ee,Manager,2026-02-04,1
U10466,A1151,Brandon,Allen,brandon.allen@rogersmacdonald.ee,Member,2026-02-08,1
U10467,A1151,Gregory,Green,gregory.green@rogersmacdonald.ee,Admin,2026-02-07,1
U10468,A1151,William,Miller,william.miller@rogersmacdonald.ee,Member,2026-01-26,1
U10469,A1151,James,Fitzgerald,james.fitzgerald@rogersmacdonald.ee,Admin,2026-01-31,1
U10470,A1152,Gary,Brown,gary.brown@frenchbrownandgonzalez.ee,Owner,2026-02-08,0
U10471,A1152,Arthur,Williams,arthur.williams@frenchbrownandgonzalez.ee,Manager,2026-02-07,1
U10472,A1153,Brittany,Rowland,brittany.rowland@cruz.ee,Owner,2026-01-27,1
U10473,A1153,James,Hopkins,james.hopkins@cruz.ee,Manager,2026-02-08,1
U10474,A1154,Andrew,Maxwell,andrew.maxwell@arroyojones.ee,Owner,2026-02-11,1
U10475,A1154,Brad,Scott,brad.scott@arroyojones.ee,Admin,2026-01-27,1
U10476,A1154,Nicole,Brown,nicole.brown@arroyojones.ee,Manager,2026-02-07,1
U10477,A1154,Paul,Sweeney,paul.sweeney@arroyojones.ee,Manager,2026-02-05,1
U10478,A1155,Travis,Castro,travis.castro@rosslevy.ee,Owner,2026-02-10,1
U10479,A1155,Jessica,Horton,jessica.horton@rosslevy.ee,Admin,2026-02-11,1
U10480,A1155,David,Larsen,david.larsen@rosslevy.ee,Admin,2026-02-05,1
U10481,A1155,Jerry,Smith,jerry.smith@rosslevy.ee,Admin,2026-02-13,1
U10482,A1155,Randy,Cook,randy.cook@rosslevy.ee,Manager,2026-02-05,1
U10483,A1155,Kimberly,Johnson,kimberly.johnson@rosslevy.ee,Admin,2026-02-06,1
U10484,A1155,Justin,Williams,justin.williams@rosslevy.ee,Admin,2026-02-11,1
U10485,A1155,Amy,Lewis,amy.lewis@rosslevy.ee,Member,2026-02-13,1
U10486,A1156,William,Miles,william.miles@smithgrant.ee,Owner,2026-01-29,1
U10487,A1157,Benjamin,Mullins,benjamin.mullins@newmanandsons.ee,Owner,2026-02-10,1
U10488,A1157,Patricia,Ramos,patricia.ramos@newmanandsons.ee,Member,2026-02-08,1
U10489,A1157,Debra,Johnson,debra.johnson@newmanandsons.ee,Member,2026-02-10,1
U10490,A1157,Jason,Beck,jason.beck@newmanandsons.ee,Member,2026-02-03,1
U10491,A1158,Ray,Ramirez,ray.ramirez@hernandezlesteranddaniel.ee,Owner,2026-02-14,1
U10492,A1159,Kristin,Garcia,kristin.garcia@avilaplc.ee,Owner,2026-02-04,1
U10493,A1160,Emily,Cook,emily.cook@mcdonaldandsons.ee,Owner,2026-02-01,1
U10494,A1160,Kimberly,Guzman,kimberly.guzman@mcdonaldandsons.ee,Member,2026-02-13,1
U10495,A1160,Willie,Morrison,willie.morrison@mcdonaldandsons.ee,Member,2026-02-01,1
U10496,A1160,Anthony,Harris,anthony.harris@mcdonaldandsons.ee,Manager,2026-02-03,0
U10497,A1161,Ronald,White,ronald.white@taylorthomasandmoore.ee,Owner,2026-02-14,1
U10498,A1161,Lisa,Wheeler,lisa.wheeler@taylorthomasandmoore.ee,Manager,2026-02-05,1
U10499,A1161,Richard,West,richard.west@taylorthomasandmoore.ee,Member,2026-02-15,1
U10500,A1162,Stephen,Baker,stephen.baker@johnson.ee,Owner,2026-02-07,1
U10501,A1162,Noah,Kelly,noah.kelly@johnson.ee,Manager,2026-02-03,1
U10502,A1163,Anthony,,anthony@kingtayloranddavis.ee,Owner,2026-02-11,1
U10503,A1163,Richard,Rodriguez,richard.rodriguez@kingtayloranddavis.ee,Manager,2026-02-15,1
U10504,A1163,Andrea,Taylor,andrea.taylor@kingtayloranddavis.ee,Member,2026-02-13,1
U10505,A1163,Mark,Perry,mark.perry@kingtayloranddavis.ee,Admin,2026-02-09,1
U10506,A1164,Alicia,Acosta,alicia.acosta@garcia.ee,Owner,2026-02-18,1
U10507,A1164,Heather,Thompson,heather.thompson@garcia.ee,Member,2026-02-14,1
U10508,A1164,Jennifer,Lester,jennifer.lester@garcia.ee,Manager,2026-02-14,1
U10509,A1165,William,Deleon,william.deleon@jackson.ee,Owner,2026-02-17,1
U10510,A1165,Matthew,Roberts,matthew.roberts@jackson.ee,Manager,2026-02-13,1
U10511,A1165,Thomas,Tucker,thomas.tucker@jackson.ee,Admin,2026-02-18,1
U10512,A1165,Jacob,Freeman,jacob.freeman@jackson.ee,Manager,2026-02-13,1
U10513,A1165,Susan,Hamilton,susan.hamilton@jackson.ee,Member,2026-02-07,1
U10514,A1165,Michael,Gonzales,michael.gonzales@jackson.ee,Admin,2026-02-20,1
U10515,A1166,Carl,Snow,carl.snow@coleman.ee,Owner,2026-02-05,1
U10516,A1166,Monique,Price,monique.price@coleman.ee,Admin,2026-02-06,1
U10517,A1166,Jeremy,Everett,jeremy.everett@coleman.ee,Manager,2026-02-16,1
U10518,A1166,Jacqueline,Dunn,jacqueline.dunn@coleman.ee,Member,2026-02-12,0
U10519,A1166,Jason,Russell,jason.russell@coleman.ee,Member,2026-02-07,0
U10520,A1166,James,Murphy,james.murphy@coleman.ee,Admin,2026-02-06,1
U10521,A1166,Cynthia,Brown,cynthia.brown@coleman.ee,Member,2026-02-05,1
U10522,A1166,Mike,Fitzpatrick,mike.fitzpatrick@coleman.ee,Member,2026-02-12,1
U10523,A1166,Sarah,,sarah@coleman.ee,Manager,2026-02-11,1
U10524,A1166,Courtney,Wagner,courtney.wagner@coleman.ee,Manager,2026-02-05,1
U10525,A1166,John,Washington,john.washington@coleman.ee,Admin,2026-02-09,1
U10526,A1166,Carly,Anderson,carly.anderson@coleman.ee,Admin,2026-02-12,1
U10527,A1166,Craig,Freeman,craig.freeman@coleman.ee,Manager,2026-02-09,1
U10528,A1166,Rodney,Madden,rodney.madden@coleman.ee,Member,2026-02-20,1
U10529,A1166,Kari,Anderson,kari.anderson@coleman.ee,Member,2026-02-08,1
U10530,A1167,Thomas,Young,thomas.young@davis.ee,Owner,2026-02-12,1
U10531,A1168,Alicia,Parker,alicia.parker@allenmosleyandcarter.ee,Owner,2026-02-20,1
U10532,A1168,Jeremiah,Taylor,jeremiah.taylor@allenmosleyandcarter.ee,Manager,2026-02-14,1
U10533,A1168,Judith,Barnes,judith.barnes@allenmosleyandcarter.ee,Member,2026-02-17,1
U10534,A1168,Sonya,Hernandez,sonya.hernandez@allenmosleyandcarter.ee,Admin,2026-02-11,1
U10535,A1168,Alan,Roberts,alan.roberts@allenmosleyandcarter.ee,Member,2026-02-09,1
U10536,A1168,William,Melton,william.melton@allenmosleyandcarter.ee,Manager,2026-02-11,1
U10537,A1168,Charles,Orozco,charles.orozco@allenmosleyandcarter.ee,Member,2026-02-15,1
U10538,A1169,Jonathan,Miller,jonathan.miller@harveytaylor.ee,Owner,2026-02-10,1
U10539,A1169,Evan,Brown,evan.brown@harveytaylor.ee,Member,2026-02-07,1
U10540,A1170,Tanya,Mendoza,tanya.mendoza@nelsondeanandmontgomery.ee,Owner,2026-02-17,1
U10541,A1171,Ryan,Rodriguez,ryan.rodriguez@jonesfrancisandhart.ee,Owner,2026-02-20,1
U10542,A1171,Matthew,Meyer,matthew.meyer@jonesfrancisandhart.ee,Member,2026-02-20,1
U10543,A1172,Derek,Williams,derek.williams@lewisbrownandwhitaker.ee,Owner,2026-02-14,1
U10544,A1172,Clifford,Cummings,clifford.cummings@lewisbrownandwhitaker.ee,Member,2026-02-10,1
U10545,A1172,Sara,Dunn,sara.dunn@lewisbrownandwhitaker.ee,Admin,2026-02-15,1
U10546,A1173,Kevin,Larsen,kevin.larsen@allenclarkandwood.ee,Owner,2026-02-11,1
U10547,A1173,Karen,Gray,karen.gray@allenclarkandwood.ee,Member,2026-02-17,1
U10548,A1174,Robert,Humphrey,robert.humphrey@munozrogers.ee,Owner,2026-02-13,1
U10549,A1174,Sherry,Anderson,sherry.anderson@munozrogers.ee,Member,2026-02-11,1
U10550,A1174,Cory,Murphy,cory.murphy@munozrogers.ee,Member,2026-02-21,1
U10551,A1174,Carol,Clark,carol.clark@munozrogers.ee,Admin,2026-02-23,1
U10552,A1174,Elizabeth,Martinez,elizabeth.martinez@munozrogers.ee,Manager,2026-02-21,1
U10553,A1175,John,Holmes,john.holmes@garciasalinasandfuller.ee,Owner,2026-02-13,1
U10554,A1175,Joseph,King,joseph.king@garciasalinasandfuller.ee,Admin,2026-02-21,1
U10555,A1175,Courtney,Salinas,courtney.salinas@garciasalinasandfuller.ee,Member,2026-02-11,1
U10556,A1176,Erica,Bates,erica.bates@hayesperez.ee,Owner,2026-02-24,1
U10557,A1176,Tracy,Trevino,tracy.trevino@hayesperez.ee,Manager,2026-02-26,1
U10558,A1177,Michael,Jones,michael.jones@taylor.ee,Owner,2026-02-14,1
U10559,A1177,Donald,Brennan,donald.brennan@taylor.ee,Manager,2026-02-24,1
U10560,A1178,Kelly,Kennedy,kelly.kennedy@brownandsons.ee,Owner,2026-02-23,1
U10561,A1178,Blake,Rodgers,blake.rodgers@brownandsons.ee,Member,2026-02-26,1
U10562,A1179,Paul,Roberts,paul.roberts@mullinsplc.ee,Owner,2026-02-18,1
U10563,A1179,Eddie,Thomas,eddie.thomas@mullinsplc.ee,Admin,2026-02-27,1
U10564,A1179,Jennifer,Ortiz,jennifer.ortiz@mullinsplc.ee,Admin,2026-02-19,1
U10565,A1179,Brenda,Pierce,brenda.pierce@mullinsplc.ee,Member,2026-02-22,1
U10566,A1179,Kyle,Ramirez,kyle.ramirez@mullinsplc.ee,Manager,2026-03-01,1
U10567,A1179,Leslie,Diaz,leslie.diaz@mullinsplc.ee,Manager,2026-02-28,1
U10568,A1179,Marvin,Macias,marvin.macias@mullinsplc.ee,Member,2026-02-27,1
U10569,A1179,Alicia,Padilla,alicia.padilla@mullinsplc.ee,Manager,2026-02-22,1
U10570,A1180,Mary,Benitez,mary.benitez@sandersplc.ee,Owner,2026-02-25,1
U10571,A1180,Jacob,Jordan,jacob.jordan@sandersplc.ee,Member,2026-02-22,1
U10572,A1181,Kathryn,Aguirre,kathryn.aguirre@moranplc.ee,Owner,2026-02-17,1
U10573,A1181,Tracy,Harris,tracy.harris@moranplc.ee,Member,2026-02-23,1
U10574,A1181,Nichole,Jones,nichole.jones@moranplc.ee,Manager,2026-03-01,1
U10575,A1182,Anthony,Rodriguez,anthony.rodriguez@rivera.ee,Owner,2026-02-23,1
U10576,A1182,Jennifer,White,jennifer.white@rivera.ee,Member,2026-03-02,1
U10577,A1182,David,George,david.george@rivera.ee,Manager,2026-02-28,1
U10578,A1183,Breanna,Davis,breanna.davis@rodriguezburns.ee,Owner,2026-02-27,1
U10579,A1183,Jeff,Hendricks,jeff.hendricks@rodriguezburns.ee,Member,2026-02-17,1
U10580,A1183,Donald,Hines,donald.hines@rodriguezburns.ee,Manager,2026-03-04,1
U10581,A1183,Lisa,Lewis,lisa.lewis@rodriguezburns.ee,Member,2026-02-27,1
U10582,A1183,Regina,Henry,regina.henry@rodriguezburns.ee,Manager,2026-02-22,1
U10583,A1183,Shane,Bright,shane.bright@rodriguezburns.ee,Admin,2026-03-04,1
U10584,A1183,Mark,Gonzalez,mark.gonzalez@rodriguezburns.ee,Member,2026-02-23,1
U10585,A1184,Melissa,Horn,melissa.horn@colon.ee,Owner,2026-03-01,1
U10586,A1184,Marcus,Bean,marcus.bean@colon.ee,Manager,2026-02-26,1
U10587,A1184,Sarah,Blanchard,sarah.blanchard@colon.ee,Admin,2026-02-28,1
U10588,A1184,Matthew,Rivers,matthew.rivers@colon.ee,Admin,2026-02-26,1
U10589,A1184,Christina,Sims,christina.sims@colon.ee,Admin,2026-02-26,1
U10590,A1184,Benjamin,Williamson,benjamin.williamson@colon.ee,Manager,2026-02-18,1
U10591,A1185,Marcus,Chavez,marcus.chavez@mannplc.ee,Owner,2026-02-25,0
U10592,A1185,George,Stevens,george.stevens@mannplc.ee,Member,2026-02-21,1
U10593,A1185,Mary,Jones,mary.jones@mannplc.ee,Admin,2026-02-26,1
U10594,A1185,Linda,Morgan,linda.morgan@mannplc.ee,Manager,2026-03-04,1
U10595,A1185,Latasha,Hughes,latasha.hughes@mannplc.ee,Member,2026-03-06,1
U10596,A1186,Timothy,Clay,timothy.clay@leeplc.ee,Owner,2026-02-27,1
U10597,A1186,Mary,Abbott,mary.abbott@leeplc.ee,Manager,2026-03-07,1
U10598,A1187,Kimberly,Cook,kimberly.cook@sandovalbryan.ee,Owner,2026-03-08,1
U10599,A1187,Kim,Carlson,kim.carlson@sandovalbryan.ee,Member,2026-03-07,1
U10600,A1187,Candace,Armstrong,candace.armstrong@sandovalbryan.ee,Member,2026-02-21,1
U10601,A1187,Melinda,Christian,melinda.christian@sandovalbryan.ee,Member,2026-02-23,0
U10602,A1187,Stephanie,Estes,stephanie.estes@sandovalbryan.ee,Admin,2026-03-02,1
U10603,A1187,Kayla,Clark,kayla.clark@sandovalbryan.ee,Manager,2026-02-28,1
U10604,A1187,Robert,Fernandez,robert.fernandez@sandovalbryan.ee,Admin,2026-03-05,1
U10605,A1187,Carmen,Wood,carmen.wood@sandovalbryan.ee,Member,2026-02-28,1
U10606,A1187,Andrea,Wright,andrea.wright@sandovalbryan.ee,Manager,2026-03-02,1
U10607,A1187,Alexa,Simpson,alexa.simpson@sandovalbryan.ee,Admin,2026-03-04,1
U10608,A1187,Brian,Smith,brian.smith@sandovalbryan.ee,Member,2026-03-08,1
U10609,A1187,Michael,Graves,michael.graves@sandovalbryan.ee,Member,2026-03-04,1
U10610,A1188,Vincent,Lynch,vincent.lynch@williamscarpenteranddavies.ee,Owner,2026-03-06,1
U10611,A1188,Alexander,Quinn,alexander.quinn@williamscarpenteranddavies.ee,Member,2026-03-03,1
U10612,A1189,Timothy,Robinson,timothy.robinson@penningtonandsons.ee,Owner,2026-03-04,0
U10613,A1190,Amanda,Thompson,amanda.thompson@blackburnjacksonandwright.ee,Owner,2026-03-08,1
U10614,A1190,Joseph,Moyer,joseph.moyer@blackburnjacksonandwright.ee,Admin,2026-03-02,1
U10615,A1190,Shane,Marsh,shane.marsh@blackburnjacksonandwright.ee,Admin,2026-03-03,1
U10616,A1191,Amber,Willis,amber.willis@jordanmooreandfrench.ee,Owner,2026-03-02,1
U10617,A1192,Tiffany,Murphy,tiffany.murphy@gileshaynesandcox.ee,Owner,2026-03-02,1
U10618,A1192,Anna,Long,anna.long@gileshaynesandcox.ee,Admin,2026-02-26,1
U10619,A1192,Olivia,Roberts,olivia.roberts@gileshaynesandcox.ee,Member,2026-03-01,1
U10620,A1192,Christine,Woods,christine.woods@gileshaynesandcox.ee,Admin,2026-03-05,1
U10621,A1192,Kyle,Holmes,kyle.holmes@gileshaynesandcox.ee,Admin,2026-02-26,1
U10622,A1192,Tanya,Morris,tanya.morris@gileshaynesandcox.ee,Manager,2026-02-28,1
U10623,A1192,Julie,Snyder,julie.snyder@gileshaynesandcox.ee,Member,2026-03-01,1
U10624,A1192,Dustin,Maxwell,dustin.maxwell@gileshaynesandcox.ee,Manager,2026-03-01,1
U10625,A1192,Sierra,Jensen,sierra.jensen@gileshaynesandcox.ee,Admin,2026-03-10,1
U10626,A1192,Tiffany,Thomas,tiffany.thomas@gileshaynesandcox.ee,Member,2026-03-03,1
U10627,A1192,David,Wilson,david.wilson@gileshaynesandcox.ee,Member,2026-03-04,1
U10628,A1193,David,Crawford,david.crawford@cookrobertson.ee,Owner,2026-02-27,1
U10629,A1193,Lisa,Hill,lisa.hill@cookrobertson.ee,Admin,2026-03-02,1
U10630,A1193,Stacey,Chan,stacey.chan@cookrobertson.ee,Manager,2026-03-05,1
U10631,A1193,Debra,Jackson,debra.jackson@cookrobertson.ee,Member,2026-03-03,1
U10632,A1193,Michael,Parks,michael.parks@cookrobertson.ee,Admin,2026-03-07,1
U10633,A1193,Brady,Townsend,brady.townsend@cookrobertson.ee,Member,2026-03-01,1
U10634,A1194,Amanda,Clark,amanda.clark@harringtonplc.ee,Owner,2026-03-06,1
U10635,A1194,Christopher,Matthews,christopher.matthews@harringtonplc.ee,Admin,2026-02-25,1
U10636,A1195,Adam,Morton,adam.morton@mendozarasmussenandfuller.ee,Owner,2026-03-02,1
U10637,A1196,Jody,Grant,jody.grant@watersbakerandbishop.ee,Owner,2026-03-07,0
U10638,A1197,Taylor,Wolf,taylor.wolf@rodriguezplc.ee,Owner,2026-03-01,1
U10639,A1197,Brandi,Mccullough,brandi.mccullough@rodriguezplc.ee,Admin,2026-03-01,1
U10640,A1198,John,Padilla,john.padilla@delgado.ee,Owner,2026-03-10,0
U10641,A1198,Laura,Guzman,laura.guzman@delgado.ee,Manager,2026-03-05,1
U10642,A1198,Sean,Goodman,sean.goodman@delgado.ee,Manager,2026-03-16,1
U10643,A1198,William,Powell,william.powell@delgado.ee,Manager,2026-03-04,1
U10644,A1198,Robert,Bennett,robert.bennett@delgado.ee,Admin,2026-03-01,1
U10645,A1199,Sandra,Miller,sandra.miller@aguilarandsons.ee,Owner,2026-03-13,1
U10646,A1199,Michael,Sullivan,michael.sullivan@aguilarandsons.ee,Member,2026-03-19,0
U10647,A1199,Caroline,Carrillo,caroline.carrillo@aguilarandsons.ee,Manager,2026-03-19,1
U10648,A1199,Kelli,Stephenson,kelli.stephenson@aguilarandsons.ee,Admin,2026-03-18,1
U10649,A1199,Valerie,,valerie@aguilarandsons.ee,Member,2026-03-14,1
U10650,A1200,Robert,Wiley,robert.wiley@hillclarkeandmercer.ee,Owner,2026-03-11,1
U10651,A1200,Johnny,Rocha,johnny.rocha@hillclarkeandmercer.ee,Member,2026-03-07,1
U10652,A1200,Phillip,Anthony,phillip.anthony@hillclarkeandmercer.ee,Member,2026-03-14,1
U10653,A1201,Aaron,Chavez,aaron.chavez@brownjacksonandgarcia.ee,Owner,2026-03-21,1
U10654,A1202,April,Stewart,april.stewart@sanchezandsons.ee,Owner,2026-03-09,1
U10655,A1203,Ethan,Brown,ethan.brown@mcdonaldthompson.ee,Owner,2026-03-09,1
U10656,A1203,James,Bernard,james.bernard@mcdonaldthompson.ee,Member,2026-03-19,1
U10657,A1203,Jesse,Hughes,jesse.hughes@mcdonaldthompson.ee,Member,2026-03-22,1
U10658,A1204,Kelsey,Harris,kelsey.harris@morrisplc.ee,Owner,2026-03-09,1
U10659,A1204,Dan,Burnett,dan.burnett@morrisplc.ee,Admin,2026-03-08,1
U10660,A1204,Stephanie,Bennett,stephanie.bennett@morrisplc.ee,Member,2026-03-11,1
U10661,A1204,Dennis,,dennis@morrisplc.ee,Manager,2026-03-11,1
U10662,A1204,Shannon,Lyons,shannon.lyons@morrisplc.ee,Manager,2026-03-16,1
U10663,A1205,Mary,Richardson,mary.richardson@smithdunlap.ee,Owner,2026-03-10,1
U10664,A1206,Leah,Reyes,leah.reyes@palmermckee.ee,Owner,2026-03-16,1
U10665,A1207,Tina,Price,tina.price@williamsbeasleyandshannon.ee,Owner,2026-03-12,1
U10666,A1207,Jared,Rodriguez,jared.rodriguez@williamsbeasleyandshannon.ee,Admin,2026-03-22,1
U10667,A1207,Brittany,Welch,brittany.welch@williamsbeasleyandshannon.ee,Member,2026-03-16,1
U10668,A1208,Heather,Rollins,heather.rollins@hannaplc.ee,Owner,2026-03-21,1
U10669,A1208,John,Cooper,john.cooper@hannaplc.ee,Member,2026-03-23,1
U10670,A1208,Colin,Fields,colin.fields@hannaplc.ee,Admin,2026-03-23,1
U10671,A1208,Kevin,Roberts,kevin.roberts@hannaplc.ee,Member,2026-03-18,1
U10672,A1209,Leonard,Webb,leonard.webb@bradshawspencer.ee,Owner,2026-03-23,1
U10673,A1210,Laura,Dunlap,laura.dunlap@robinsonbaker.ee,Owner,2026-03-20,1
U10674,A1211,Nicole,Burton,nicole.burton@hernandezsilvaandanthony.ee,Owner,2026-03-13,1
U10675,A1212,Robert,Boyle,robert.boyle@hoholmesandlewis.ee,Owner,2026-03-15,1
U10676,A1212,Abigail,Morgan,abigail.morgan@hoholmesandlewis.ee,Admin,2026-03-18,1
U10677,A1213,Matthew,Parker,matthew.parker@mcmahonwheeler.ee,Owner,2026-03-18,1
U10678,A1214,Patricia,Wright,patricia.wright@york.ee,Owner,2026-03-21,0
U10679,A1214,Isaiah,Miller,isaiah.miller@york.ee,Member,2026-03-15,1
U10680,A1214,Alexander,Vega,alexander.vega@york.ee,Admin,2026-03-18,1
U10681,A1214,Michael,Tran,michael.tran@york.ee,Manager,2026-03-20,1
U10682,A1214,Anthony,Knight,anthony.knight@york.ee,Member,2026-03-18,0
U10683,A1214,Crystal,Perez,crystal.perez@york.ee,Member,2026-03-15,1
U10684,A1215,Jonathan,Horton,jonathan.horton@velazquezandsons.ee,Owner,2026-03-19,1
U10685,A1216,Alexis,Hunt,alexis.hunt@leonardbrownandbeard.ee,Owner,2026-03-14,1
U10686,A1216,Jeffrey,Riddle,jeffrey.riddle@leonardbrownandbeard.ee,Manager,2026-03-27,1
U10687,A1216,Judith,Travis,judith.travis@leonardbrownandbeard.ee,Member,2026-03-28,1
U10688,A1217,James,Fox,james.fox@jonesnelson.ee,Owner,2026-03-31,0
U10689,A1217,Brittney,Vaughan,brittney.vaughan@jonesnelson.ee,Admin,2026-03-25,0
U10690,A1217,Patrick,Allison,patrick.allison@jonesnelson.ee,Manager,2026-03-17,1
U10691,A1217,Randall,Cooke,randall.cooke@jonesnelson.ee,Admin,2026-03-23,1
U10692,A1217,Tami,Ortiz,tami.ortiz@jonesnelson.ee,Admin,2026-03-25,1
U10693,A1218,Laura,Fitzpatrick,laura.fitzpatrick@smallvasquez.ee,Owner,2026-03-26,1
U10694,A1219,Cassandra,Lane,cassandra.lane@reedjohnsonandrodriguez.ee,Owner,2026-03-31,1
U10695,A1219,Randy,Mckay,randy.mckay@reedjohnsonandrodriguez.ee,Admin,2026-03-19,1
U10696,A1219,Belinda,Andrews,belinda.andrews@reedjohnsonandrodriguez.ee,Member,2026-03-24,1
U10697,A1220,Michael,Gibson,michael.gibson@robertsonstevensandjohnson.ee,Owner,2026-03-25,1
U10698,A1220,Michael,Torres,michael.torres@robertsonstevensandjohnson.ee,Admin,2026-03-23,1
U10699,A1220,Julia,Hamilton,julia.hamilton@robertsonstevensandjohnson.ee,Member,2026-03-30,1
U10700,A1220,Lee,Mullins,lee.mullins@robertsonstevensandjohnson.ee,Manager,2026-03-20,1
U10701,A1221,Jerry,Boyd,jerry.boyd@scottmiller.ee,Owner,2026-03-25,1
U10702,A1221,Michael,Townsend,michael.townsend@scottmiller.ee,Admin,2026-03-22,1
U10703,A1221,Kristin,Monroe,kristin.monroe@scottmiller.ee,Member,2026-03-26,1
U10704,A1221,Richard,Peterson,richard.peterson@scottmiller.ee,Admin,2026-03-22,1
U10705,A1221,Nicholas,Valdez,nicholas.valdez@scottmiller.ee,Manager,2026-03-20,1
U10706,A1221,Rhonda,Wolf,rhonda.wolf@scottmiller.ee,Manager,2026-03-19,1
U10707,A1221,Jamie,White,jamie.white@scottmiller.ee,Manager,2026-03-23,1
U10708,A1222,Jennifer,Keller,jennifer.keller@pacemullins.ee,Owner,2026-03-28,1
U10709,A1222,Margaret,Schmidt,margaret.schmidt@pacemullins.ee,Member,2026-03-28,1
U10710,A1222,Donald,Johnson,donald.johnson@pacemullins.ee,Manager,2026-04-02,1
U10711,A1223,Nicholas,Jimenez,nicholas.jimenez@reyes.ee,Owner,2026-03-22,1
U10712,A1223,Carrie,Matthews,carrie.matthews@reyes.ee,Manager,2026-04-02,1
U10713,A1223,Ronald,Martinez,ronald.martinez@reyes.ee,Member,2026-03-28,1
U10714,A1223,Darius,Allen,darius.allen@reyes.ee,Member,2026-03-31,1
U10715,A1223,Allison,Perez,allison.perez@reyes.ee,Admin,2026-03-27,1
U10716,A1223,Valerie,Green,valerie.green@reyes.ee,Admin,2026-04-03,1
U10717,A1223,Karen,Hernandez,karen.hernandez@reyes.ee,Manager,2026-04-02,1
U10718,A1224,Patricia,Adams,patricia.adams@mckeephillips.ee,Owner,2026-03-22,1
U10719,A1224,Melissa,Matthews,melissa.matthews@mckeephillips.ee,Admin,2026-03-21,1
U10720,A1225,Brandon,Sullivan,brandon.sullivan@rodriguezandsons.ee,Owner,2026-04-02,1
U10721,A1225,Vanessa,Buckley,vanessa.buckley@rodriguezandsons.ee,Member,2026-03-30,1
U10722,A1225,Martin,Perez,martin.perez@rodriguezandsons.ee,Member,2026-03-28,1
U10723,A1225,Robert,Clark,robert.clark@rodriguezandsons.ee,Admin,2026-03-20,1
U10724,A1225,Jennifer,Koch,jennifer.koch@rodriguezandsons.ee,Admin,2026-03-22,1
U10725,A1225,Jeffery,Howard,jeffery.howard@rodriguezandsons.ee,Manager,2026-03-27,0
U10726,A1225,Matthew,Little,matthew.little@rodriguezandsons.ee,Admin,2026-03-20,1
U10727,A1226,Jennifer,Parker,jennifer.parker@king.ee,Owner,2026-03-28,1
U10728,A1226,Maria,Allen,maria.allen@king.ee,Member,2026-03-21,1
U10729,A1227,Elizabeth,Calderon,elizabeth.calderon@smith.ee,Owner,2026-03-27,1
U10730,A1227,Jennifer,Herrera,jennifer.herrera@smith.ee,Member,2026-04-06,1
U10731,A1227,Frank,Bowen,frank.bowen@smith.ee,Admin,2026-04-05,1
U10732,A1227,Rebecca,Hart,rebecca.hart@smith.ee,Manager,2026-03-30,1
U10733,A1227,Michael,Jones,michael.jones@smith.ee,Manager,2026-03-27,1
U10734,A1227,Jennifer,Meyers,jennifer.meyers@smith.ee,Admin,2026-04-04,1
U10735,A1227,George,Waters,george.waters@smith.ee,Admin,2026-04-06,1
U10736,A1227,Megan,Shannon,megan.shannon@smith.ee,Admin,2026-03-24,1
U10737,A1227,Jessica,Ray,jessica.ray@smith.ee,Manager,2026-04-06,1
U10738,A1227,Jonathan,Simon,jonathan.simon@smith.ee,Member,2026-04-02,1
U10739,A1227,Roger,Rivas,roger.rivas@smith.ee,Manager,2026-04-04,1
U10740,A1227,Jamie,Richardson,jamie.richardson@smith.ee,Manager,2026-04-01,1
U10741,A1227,Allison,White,allison.white@smith.ee,Admin,2026-04-01,1
U10742,A1228,Timothy,Dunn,timothy.dunn@hunteravilaandhill.ee,Owner,2026-03-25,1
U10743,A1228,Debbie,Brock,debbie.brock@hunteravilaandhill.ee,Manager,2026-03-27,1
U10744,A1228,Kristin,Wagner,kristin.wagner@hunteravilaandhill.ee,Manager,2026-04-01,1
U10745,A1228,Daniel,Chapman,daniel.chapman@hunteravilaandhill.ee,Admin,2026-04-04,1
U10746,A1229,Alicia,Richards,alicia.richards@schwartzpollardandthompson.ee,Owner,2026-04-06,1
U10747,A1229,Brittany,Estrada,brittany.estrada@schwartzpollardandthompson.ee,Manager,2026-03-31,1
U10748,A1229,James,Nelson,james.nelson@schwartzpollardandthompson.ee,Member,2026-04-03,1
U10749,A1229,Elizabeth,Cohen,elizabeth.cohen@schwartzpollardandthompson.ee,Admin,2026-03-23,1
U10750,A1229,Heather,Anderson,heather.anderson@schwartzpollardandthompson.ee,Member,2026-04-05,1
U10751,A1229,Fernando,Guerra,fernando.guerra@schwartzpollardandthompson.ee,Manager,2026-03-24,1
U10752,A1229,Gina,Perez,gina.perez@schwartzpollardandthompson.ee,Member,2026-04-01,1
U10753,A1230,Christian,Johnson,christian.johnson@morrisdavis.ee,Owner,2026-04-01,1
U10754,A1230,Ronnie,Ayers,ronnie.ayers@morrisdavis.ee,Member,2026-04-03,1
U10755,A1231,Susan,Ortiz,susan.ortiz@hallowensandhughes.ee,Owner,2026-03-27,1
U10756,A1231,Joseph,Green,joseph.green@hallowensandhughes.ee,Admin,2026-04-05,1
U10757,A1232,Brooke,Ferguson,brooke.ferguson@jeffersonmckinneyandjohnson.ee,Owner,2026-03-25,1
U10758,A1232,Justin,Ramirez,justin.ramirez@jeffersonmckinneyandjohnson.ee,Manager,2026-04-08,1
U10759,A1233,Mark,Thompson,mark.thompson@fergusonleonard.ee,Owner,2026-04-08,1
U10760,A1234,Debra,Moss,debra.moss@scottprice.ee,Owner,2026-03-27,1
U10761,A1234,Thomas,Morales,thomas.morales@scottprice.ee,Member,2026-04-01,1
U10762,A1235,Cynthia,Wall,cynthia.wall@smith.ee,Owner,2026-04-07,1
U10763,A1236,Devin,Hodges,devin.hodges@thomasmorgan.ee,Owner,2026-04-11,1
U10764,A1236,William,Gonzalez,william.gonzalez@thomasmorgan.ee,Manager,2026-04-10,1
U10765,A1237,Hannah,Hobbs,hannah.hobbs@barberplc.ee,Owner,2026-04-01,1
U10766,A1237,James,Austin,james.austin@barberplc.ee,Manager,2026-04-06,1
U10767,A1238,Danny,,danny@thompsonandsons.ee,Owner,2026-04-09,1
U10768,A1239,Ashley,Simon,ashley.simon@gonzalesscottandevans.ee,Owner,2026-04-05,1
U10769,A1240,Michael,Taylor,michael.taylor@yumartinezandbaldwin.ee,Owner,2026-04-11,0
U10770,A1241,Johnny,Marshall,johnny.marshall@lesnyder.ee,Owner,2026-04-16,1
U10771,A1241,Toni,Boyle,toni.boyle@lesnyder.ee,Admin,2026-04-17,1
U10772,A1241,Kelsey,Arnold,kelsey.arnold@lesnyder.ee,Manager,2026-04-05,1
U10773,A1241,Eric,Pennington,eric.pennington@lesnyder.ee,Manager,2026-04-02,1
U10774,A1241,William,Ramos,william.ramos@lesnyder.ee,Manager,2026-04-09,1
U10775,A1241,Peter,Woods,peter.woods@lesnyder.ee,Member,2026-04-07,1
U10776,A1242,John,Meyer,john.meyer@hamiltonnelsonandgarcia.ee,Owner,2026-04-13,1
U10777,A1242,Robert,Brady,robert.brady@hamiltonnelsonandgarcia.ee,Manager,2026-04-04,1
U10778,A1242,Gary,Smith,gary.smith@hamiltonnelsonandgarcia.ee,Member,2026-04-17,1
U10779,A1242,Denise,Rose,denise.rose@hamiltonnelsonandgarcia.ee,Manager,2026-04-06,1
U10780,A1242,Meredith,Jones,meredith.jones@hamiltonnelsonandgarcia.ee,Admin,2026-04-11,1
U10781,A1242,Jason,Perez,jason.perez@hamiltonnelsonandgarcia.ee,Member,2026-04-07,1
U10782,A1242,Jessica,Martinez,jessica.martinez@hamiltonnelsonandgarcia.ee,Member,2026-04-18,1
U10783,A1243,Corey,Smith,corey.smith@watkinsfields.ee,Owner,2026-04-08,1
U10784,A1243,David,Weaver,david.weaver@watkinsfields.ee,Admin,2026-04-09,1
U10785,A1243,Karen,Wood,karen.wood@watkinsfields.ee,Member,2026-04-20,1
U10786,A1243,Grace,Boyer,grace.boyer@watkinsfields.ee,Manager,2026-04-14,1
U10787,A1243,Alison,Garcia,alison.garcia@watkinsfields.ee,Member,2026-04-13,1
U10788,A1243,George,Bartlett,george.bartlett@watkinsfields.ee,Admin,2026-04-18,1
U10789,A1244,Angela,Martin,angela.martin@washington.ee,Owner,2026-04-20,1
U10790,A1244,Isaiah,Taylor,isaiah.taylor@washington.ee,Admin,2026-04-20,1
U10791,A1244,Jamie,Carter,jamie.carter@washington.ee,Manager,2026-04-12,1
U10792,A1245,Ian,Hill,ian.hill@lambertwells.ee,Owner,2026-04-20,1
U10793,A1245,Kaylee,Carroll,kaylee.carroll@lambertwells.ee,Member,2026-04-10,0
U10794,A1245,Christopher,Rowland,christopher.rowland@lambertwells.ee,Member,2026-04-18,1
U10795,A1245,Chris,Velazquez,chris.velazquez@lambertwells.ee,Manager,2026-04-12,1
U10796,A1246,Christian,Marshall,christian.marshall@watsonmayeranddavis.ee,Owner,2026-04-11,1
U10797,A1246,Brendan,Miller,brendan.miller@watsonmayeranddavis.ee,Member,2026-04-09,1
U10798,A1246,Timothy,Booth,timothy.booth@watsonmayeranddavis.ee,Admin,2026-04-15,1
U10799,A1246,Dylan,Bauer,dylan.bauer@watsonmayeranddavis.ee,Manager,2026-04-20,1
U10800,A1246,Ashley,Bowman,ashley.bowman@watsonmayeranddavis.ee,Manager,2026-04-17,1
U10801,A1246,Angela,Powell,angela.powell@watsonmayeranddavis.ee,Manager,2026-04-15,1
U10802,A1246,Angela,Mueller,angela.mueller@watsonmayeranddavis.ee,Admin,2026-04-07,1
U10803,A1246,Peggy,Meza,peggy.meza@watsonmayeranddavis.ee,Member,2026-04-16,1
U10804,A1246,Phillip,Shaffer,phillip.shaffer@watsonmayeranddavis.ee,Member,2026-04-16,1
U10805,A1246,Andrew,Schneider,andrew.schneider@watsonmayeranddavis.ee,Manager,2026-04-22,1
U10806,A1246,Gabriella,Rose,gabriella.rose@watsonmayeranddavis.ee,Manager,2026-04-11,1
U10807,A1246,Jody,Turner,jody.turner@watsonmayeranddavis.ee,Manager,2026-04-21,1
U10808,A1247,Jennifer,Dickerson,jennifer.dickerson@warrenrodriguez.ee,Owner,2026-04-22,1
U10809,A1247,Henry,Williams,henry.williams@warrenrodriguez.ee,Manager,2026-04-18,1
U10810,A1247,Anne,Phillips,anne.phillips@warrenrodriguez.ee,Manager,2026-04-17,1
U10811,A1248,Michael,Powers,michael.powers@sotostevensonanddoyle.ee,Owner,2026-04-20,1
U10812,A1248,Holly,Harris,holly.harris@sotostevensonanddoyle.ee,Admin,2026-04-22,1
U10813,A1248,Rebecca,Logan,rebecca.logan@sotostevensonanddoyle.ee,Admin,2026-04-18,1
U10814,A1248,Brittney,Martin,brittney.martin@sotostevensonanddoyle.ee,Admin,2026-04-14,1
U10815,A1248,Michael,Watkins,michael.watkins@sotostevensonanddoyle.ee,Manager,2026-04-15,1
U10816,A1248,Joseph,Price,joseph.price@sotostevensonanddoyle.ee,Manager,2026-04-20,0
U10817,A1248,Kimberly,Anderson,kimberly.anderson@sotostevensonanddoyle.ee,Member,2026-04-15,1
U10818,A1248,Andrew,Christensen,andrew.christensen@sotostevensonanddoyle.ee,Admin,2026-04-21,1
U10819,A1248,Seth,Morrison,seth.morrison@sotostevensonanddoyle.ee,Member,2026-04-09,1
U10820,A1248,Adam,Welch,adam.welch@sotostevensonanddoyle.ee,Member,2026-04-18,0
U10821,A1249,Maria,Carlson,maria.carlson@vargasplc.ee,Owner,2026-04-24,1
U10822,A1249,Thomas,Riley,thomas.riley@vargasplc.ee,Admin,2026-04-21,1
U10823,A1249,Casey,Wilson,casey.wilson@vargasplc.ee,Manager,2026-04-21,1
U10824,A1249,John,Dyer,john.dyer@vargasplc.ee,Member,2026-04-13,1
U10825,A1249,Joseph,Carroll,joseph.carroll@vargasplc.ee,Manager,2026-04-24,1
U10826,A1249,Michelle,Davis,michelle.davis@vargasplc.ee,Admin,2026-04-10,1
U10827,A1249,Jason,Gregory,jason.gregory@vargasplc.ee,Member,2026-04-13,0
U10828,A1250,Laura,Baker,laura.baker@stanleywatson.ee,Owner,2026-04-21,1
U10829,A1250,Alexandra,Wilkins,alexandra.wilkins@stanleywatson.ee,Member,2026-04-14,1
U10830,A1250,Angela,Snyder,angela.snyder@stanleywatson.ee,Admin,2026-04-25,1
U10831,A1250,Cody,,cody@stanleywatson.ee,Admin,2026-04-14,1
U10832,A1250,Kenneth,Kelly,kenneth.kelly@stanleywatson.ee,Manager,2026-04-25,1
U10833,A1250,Alexander,Rivera,alexander.rivera@stanleywatson.ee,Admin,2026-04-11,1
U10834,A1250,Ryan,Atkinson,ryan.atkinson@stanleywatson.ee,Manager,2026-04-15,1
U10835,A1251,Melissa,Smith,melissa.smith@weaverblairandrichard.ee,Owner,2026-04-24,1
U10836,A1252,Diana,Taylor,diana.taylor@frazierbarnesanddelacruz.ee,Owner,2026-04-16,1
U10837,A1252,Cathy,Hayes,cathy.hayes@frazierbarnesanddelacruz.ee,Manager,2026-04-14,1
U10838,A1253,Jill,Mccoy,jill.mccoy@humphreyfischer.ee,Owner,2026-04-27,1
U10839,A1253,Roger,,roger@humphreyfischer.ee,Member,2026-04-20,1
U10840,A1253,Joshua,Johnson,joshua.johnson@humphreyfischer.ee,Admin,2026-04-22,1
U10841,A1253,Jacob,Simmons,jacob.simmons@humphreyfischer.ee,Manager,2026-04-24,1
U10842,A1253,Casey,Gutierrez,casey.gutierrez@humphreyfischer.ee,Manager,2026-04-14,1
U10843,A1253,Robert,Valencia,robert.valencia@humphreyfischer.ee,Member,2026-04-22,1
U10844,A1254,Jennifer,Frederick,jennifer.frederick@frankwebsterandhernandez.ee,Owner,2026-04-24,1
U10845,A1254,Diane,Kemp,diane.kemp@frankwebsterandhernandez.ee,Admin,2026-04-22,1
U10846,A1255,Crystal,Miller,crystal.miller@johnson.ee,Owner,2026-04-27,1
U10847,A1256,Susan,Garcia,susan.garcia@cannonandsons.ee,Owner,2026-04-14,0
U10848,A1256,Elizabeth,Gonzales,elizabeth.gonzales@cannonandsons.ee,Admin,2026-04-15,1
U10849,A1257,John,Johnson,john.johnson@malonegarner.ee,Owner,2026-04-20,1
U10850,A1257,Jennifer,Ferguson,jennifer.ferguson@malonegarner.ee,Admin,2026-04-22,1
U10851,A1257,Steven,Dodson,steven.dodson@malonegarner.ee,Member,2026-04-20,1
U10852,A1257,Allen,Turner,allen.turner@malonegarner.ee,Member,2026-04-15,1
U10853,A1257,Laura,Adams,laura.adams@malonegarner.ee,Admin,2026-04-26,1
U10854,A1257,Jared,Freeman,jared.freeman@malonegarner.ee,Admin,2026-04-16,1
U10855,A1257,Martha,Pruitt,martha.pruitt@malonegarner.ee,Member,2026-04-16,1
U10856,A1257,Emily,Howard,emily.howard@malonegarner.ee,Admin,2026-04-27,1
U10857,A1257,Ethan,Kennedy,ethan.kennedy@malonegarner.ee,Admin,2026-04-18,1
U10858,A1257,Robert,Barnett,robert.barnett@malonegarner.ee,Admin,2026-04-22,1
U10859,A1257,Elaine,Garza,elaine.garza@malonegarner.ee,Manager,2026-04-13,1
U10860,A1258,James,Moore,james.moore@grantespinoza.ee,Owner,2026-04-16,1
U10861,A1258,Jacob,James,jacob.james@grantespinoza.ee,Admin,2026-04-25,1
U10862,A1258,Wendy,Johnson,wendy.johnson@grantespinoza.ee,Manager,2026-04-16,1
U10863,A1259,Brian,Frazier,brian.frazier@gordonlewisandholmes.ee,Owner,2026-04-24,1
U10864,A1259,Paula,Jones,paula.jones@gordonlewisandholmes.ee,Admin,2026-04-26,1
U10865,A1260,Leah,Huff,leah.huff@masonmoralesandandrews.ee,Owner,2026-04-28,1
U10866,A1261,Michael,Levy,michael.levy@jimenezplc.ee,Owner,2026-04-30,1
U10867,A1261,Kelly,Meyer,kelly.meyer@jimenezplc.ee,Manager,2026-04-21,1
U10868,A1261,Katelyn,Mcdaniel,katelyn.mcdaniel@jimenezplc.ee,Manager,2026-04-24,1
U10869,A1261,Mary,Williams,mary.williams@jimenezplc.ee,Member,2026-04-30,1
U10870,A1262,Benjamin,Williams,benjamin.williams@sexton.ee,Owner,2026-04-23,1
U10871,A1262,Samantha,Patterson,samantha.patterson@sexton.ee,Admin,2026-04-23,1
U10872,A1262,John,Reid,john.reid@sexton.ee,Admin,2026-04-23,1
U10873,A1262,Mary,Warner,mary.warner@sexton.ee,Admin,2026-04-20,1
U10874,A1262,Kevin,Hernandez,kevin.hernandez@sexton.ee,Admin,2026-04-30,1
U10875,A1263,Scott,Clark,scott.clark@aguirremoonandhenry.ee,Owner,2026-04-26,1
U10876,A1263,Monique,Adkins,monique.adkins@aguirremoonandhenry.ee,Admin,2026-05-04,1
U10877,A1263,Chris,Erickson,chris.erickson@aguirremoonandhenry.ee,Admin,2026-04-23,1
U10878,A1263,Thomas,Wright,thomas.wright@aguirremoonandhenry.ee,Member,2026-04-26,1
U10879,A1264,Nicole,Savage,nicole.savage@thompson.ee,Owner,2026-05-04,1
U10880,A1264,Sandra,Jones,sandra.jones@thompson.ee,Admin,2026-04-28,1
U10881,A1265,Christopher,Ballard,christopher.ballard@schmidtcarpenterandduke.ee,Owner,2026-05-04,1
U10882,A1265,Michael,Costa,michael.costa@schmidtcarpenterandduke.ee,Manager,2026-04-28,1
U10883,A1265,Beth,Sanchez,beth.sanchez@schmidtcarpenterandduke.ee,Manager,2026-04-20,1
U10884,A1265,Jacob,Jones,jacob.jones@schmidtcarpenterandduke.ee,Manager,2026-05-04,1
U10885,A1265,Rhonda,Jackson,rhonda.jackson@schmidtcarpenterandduke.ee,Admin,2026-04-29,1
U10886,A1265,David,Miller,david.miller@schmidtcarpenterandduke.ee,Admin,2026-04-25,1
U10887,A1265,Tracy,Miller,tracy.miller@schmidtcarpenterandduke.ee,Manager,2026-04-22,1
U10888,A1265,Anna,Rios,anna.rios@schmidtcarpenterandduke.ee,Member,2026-05-04,1
U10889,A1266,Anna,Roberts,anna.roberts@howellplc.ee,Owner,2026-05-02,1
U10890,A1266,Sean,Kelley,sean.kelley@howellplc.ee,Member,2026-04-30,1
U10891,A1266,Anna,Ray,anna.ray@howellplc.ee,Member,2026-05-04,1
U10892,A1266,Wendy,Johnson,wendy.johnson@howellplc.ee,Manager,2026-04-29,1
U10893,A1266,Mark,Banks,mark.banks@howellplc.ee,Admin,2026-05-05,1
U10894,A1267,Jacqueline,Davis,jacqueline.davis@browndeckerandrobinson.ee,Owner,2026-05-01,1
U10895,A1267,Valerie,Cole,valerie.cole@browndeckerandrobinson.ee,Member,2026-04-28,1
U10896,A1267,Daniel,White,daniel.white@browndeckerandrobinson.ee,Admin,2026-05-04,1
U10897,A1268,Mary,Lopez,mary.lopez@johnson.ee,Owner,2026-05-14,1
U10898,A1268,Veronica,Carlson,veronica.carlson@johnson.ee,Member,2026-05-02,1
U10899,A1269,Melissa,Hicks,melissa.hicks@brownholt.ee,Owner,2026-05-07,1
U10900,A1269,Lacey,Davis,lacey.davis@brownholt.ee,Admin,2026-05-12,1
U10901,A1270,Tommy,,tommy@wadewagnerandwallace.ee,Owner,2026-05-12,1
U10902,A1270,Carla,Macdonald,carla.macdonald@wadewagnerandwallace.ee,Member,2026-05-10,1
U10903,A1271,Rodney,Francis,rodney.francis@robertswilliamsandgeorge.ee,Owner,2026-05-12,1
U10904,A1272,Jennifer,Roberts,jennifer.roberts@sheltongrossandwood.ee,Owner,2026-05-04,1
U10905,A1272,Laura,Johnson,laura.johnson@sheltongrossandwood.ee,Admin,2026-05-16,1
U10906,A1273,Stacy,Castro,stacy.castro@warrenbradley.ee,Owner,2026-05-13,1
U10907,A1273,Kimberly,Townsend,kimberly.townsend@warrenbradley.ee,Manager,2026-05-05,1
U10908,A1273,Joseph,Lambert,joseph.lambert@warrenbradley.ee,Admin,2026-05-06,1
U10909,A1273,Mark,Richards,mark.richards@warrenbradley.ee,Manager,2026-05-20,1
U10910,A1274,Laura,Meyer,laura.meyer@nortonglass.ee,Owner,2026-05-15,1
U10911,A1274,Jeffrey,May,jeffrey.may@nortonglass.ee,Admin,2026-05-13,1
U10912,A1274,Daniel,Rodriguez,daniel.rodriguez@nortonglass.ee,Manager,2026-05-17,1
U10913,A1274,Sarah,Allen,sarah.allen@nortonglass.ee,Member,2026-05-13,1
U10914,A1275,Alyssa,Woodard,alyssa.woodard@hickswelchandanderson.ee,Owner,2026-05-14,1
U10915,A1275,Susan,Young,susan.young@hickswelchandanderson.ee,Member,2026-05-16,0
U10916,A1275,Paul,Chan,paul.chan@hickswelchandanderson.ee,Member,2026-05-12,1
U10917,A1276,Tiffany,Werner,tiffany.werner@thomaskhanandstark.ee,Owner,2026-05-13,1
U10918,A1276,Joshua,Webb,joshua.webb@thomaskhanandstark.ee,Manager,2026-05-11,1
U10919,A1276,Nicholas,Mosley,nicholas.mosley@thomaskhanandstark.ee,Member,2026-05-19,1
U10920,A1276,Alice,Wright,alice.wright@thomaskhanandstark.ee,Admin,2026-05-24,1
U10921,A1277,Haley,Price,haley.price@chamberswilcox.ee,Owner,2026-05-12,1
U10922,A1278,Audrey,Thompson,audrey.thompson@hessjones.ee,Owner,2026-05-23,1
U10923,A1278,Jane,Mclaughlin,jane.mclaughlin@hessjones.ee,Member,2026-05-16,1
U10924,A1279,Katrina,Johnson,katrina.johnson@vargashawkins.ee,Owner,2026-05-15,1
U10925,A1280,Shannon,Russo,shannon.russo@morganplc.ee,Owner,2026-05-22,1
U10926,A1280,Jesse,Schmidt,jesse.schmidt@morganplc.ee,Admin,2026-05-23,0
U10927,A1280,Sheri,Williams,sheri.williams@morganplc.ee,Manager,2026-05-26,1
U10928,A1280,Kimberly,Petersen,kimberly.petersen@morganplc.ee,Member,2026-05-18,1
U10929,A1281,Kathy,Burgess,kathy.burgess@dorseyquinnandchavez.ee,Owner,2026-05-19,1
U10930,A1281,Misty,Roy,misty.roy@dorseyquinnandchavez.ee,Manager,2026-05-17,1
U10931,A1281,Tamara,Lester,tamara.lester@dorseyquinnandchavez.ee,Admin,2026-05-24,0
U10932,A1281,Jose,Nguyen,jose.nguyen@dorseyquinnandchavez.ee,Manager,2026-05-21,1
U10933,A1281,Edward,Jones,edward.jones@dorseyquinnandchavez.ee,Manager,2026-05-18,1
U10934,A1281,Matthew,Williams,matthew.williams@dorseyquinnandchavez.ee,Admin,2026-05-21,1
U10935,A1281,Daniel,Potter,daniel.potter@dorseyquinnandchavez.ee,Member,2026-05-28,0
U10936,A1281,Michelle,White,michelle.white@dorseyquinnandchavez.ee,Admin,2026-05-22,1
U10937,A1281,Sandra,Dunn,sandra.dunn@dorseyquinnandchavez.ee,Admin,2026-05-23,1
U10938,A1281,Jake,Collins,jake.collins@dorseyquinnandchavez.ee,Manager,2026-05-16,1
U10939,A1281,Vanessa,James,vanessa.james@dorseyquinnandchavez.ee,Admin,2026-05-27,1
U10940,A1281,Mary,Winters,mary.winters@dorseyquinnandchavez.ee,Manager,2026-05-15,1
U10941,A1281,Lindsey,Ward,lindsey.ward@dorseyquinnandchavez.ee,Manager,2026-05-17,1
U10942,A1281,Sean,Rodriguez,sean.rodriguez@dorseyquinnandchavez.ee,Manager,2026-05-20,1
U10943,A1281,Chad,,chad@dorseyquinnandchavez.ee,Member,2026-05-25,1
U10944,A1281,Amanda,Meyer,amanda.meyer@dorseyquinnandchavez.ee,Manager,2026-05-24,1
U10945,A1281,Lee,Rodriguez,lee.rodriguez@dorseyquinnandchavez.ee,Manager,2026-05-15,1
U10946,A1281,Wendy,Collins,wendy.collins@dorseyquinnandchavez.ee,Admin,2026-05-25,1
U10947,A1281,Diane,Burgess,diane.burgess@dorseyquinnandchavez.ee,Member,2026-05-13,1
U10948,A1282,Jason,Olson,jason.olson@millerboone.ee,Owner,2026-05-23,1
U10949,A1282,Scott,Norris,scott.norris@millerboone.ee,Manager,2026-05-18,1
U10950,A1283,Victoria,Clark,victoria.clark@miller.ee,Owner,2026-05-31,1
U10951,A1284,Deborah,James,deborah.james@wrightmossandingram.ee,Owner,2026-05-29,1
U10952,A1284,Nicole,Fowler,nicole.fowler@wrightmossandingram.ee,Admin,2026-05-26,1
U10953,A1284,Lori,Collins,lori.collins@wrightmossandingram.ee,Manager,2026-05-30,1
U10954,A1285,Jeremy,Decker,jeremy.decker@stephensburnettandmarshall.ee,Owner,2026-05-30,1
U10955,A1285,Jacob,Ho,jacob.ho@stephensburnettandmarshall.ee,Admin,2026-05-22,0
U10956,A1285,Diane,Crawford,diane.crawford@stephensburnettandmarshall.ee,Manager,2026-05-26,1
U10957,A1286,Thomas,Hughes,thomas.hughes@summersmiranda.ee,Owner,2026-06-03,1
U10958,A1287,William,Smith,william.smith@higgins.ee,Owner,2026-05-19,1
U10959,A1287,Elizabeth,Jackson,elizabeth.jackson@higgins.ee,Member,2026-05-29,1
U10960,A1287,Andrea,Johnson,andrea.johnson@higgins.ee,Admin,2026-05-26,1
U10961,A1287,Kyle,Brady,kyle.brady@higgins.ee,Member,2026-05-21,1
U10962,A1287,David,Lee,david.lee@higgins.ee,Admin,2026-06-02,1
U10963,A1287,Sharon,Torres,sharon.torres@higgins.ee,Manager,2026-05-28,0
U10964,A1288,David,Hardy,david.hardy@johnson.ee,Owner,2026-06-04,1
U10965,A1288,Joseph,Weber,joseph.weber@johnson.ee,Admin,2026-05-25,1
U10966,A1288,Carl,Santana,carl.santana@johnson.ee,Admin,2026-05-26,0
U10967,A1288,Melissa,Flores,melissa.flores@johnson.ee,Manager,2026-05-23,1
U10968,A1288,Renee,Costa,renee.costa@johnson.ee,Admin,2026-05-23,1
U10969,A1289,Christine,Wilkins,christine.wilkins@flores.ee,Owner,2026-05-31,1
U10970,A1290,Manuel,Becker,manuel.becker@barnesgreene.ee,Owner,2026-06-07,1
U10971,A1290,Kerry,,kerry@barnesgreene.ee,Manager,2026-05-26,1
U10972,A1290,Rebecca,Simmons,rebecca.simmons@barnesgreene.ee,Manager,2026-05-26,1
U10973,A1290,Kathryn,Lindsey,kathryn.lindsey@barnesgreene.ee,Admin,2026-05-30,1
U10974,A1290,George,Smith,george.smith@barnesgreene.ee,Member,2026-05-27,1
U10975,A1290,Brenda,Chavez,brenda.chavez@barnesgreene.ee,Member,2026-06-04,1
U10976,A1291,Chris,Wood,chris.wood@marshallplc.ee,Owner,2026-06-07,1
U10977,A1292,Thomas,Clark,thomas.clark@perezdixon.ee,Owner,2026-06-07,1
U10978,A1293,Mary,Lee,mary.lee@jenkinsjonesandreyes.ee,Owner,2026-06-09,1
U10979,A1293,Thomas,Booth,thomas.booth@jenkinsjonesandreyes.ee,Member,2026-05-31,1
U10980,A1293,Randall,Walton,randall.walton@jenkinsjonesandreyes.ee,Manager,2026-06-09,1
U10981,A1293,Larry,Wolf,larry.wolf@jenkinsjonesandreyes.ee,Manager,2026-05-30,1
U10982,A1293,Lawrence,Smith,lawrence.smith@jenkinsjonesandreyes.ee,Member,2026-06-11,1
U10983,A1293,Anita,Velazquez,anita.velazquez@jenkinsjonesandreyes.ee,Manager,2026-06-09,1
U10984,A1294,Tina,Leblanc,tina.leblanc@watkinswellsandchandler.ee,Owner,2026-06-07,1
U10985,A1294,Peter,Mendoza,peter.mendoza@watkinswellsandchandler.ee,Manager,2026-05-31,1
U10986,A1294,Kristen,Mcdaniel,kristen.mcdaniel@watkinswellsandchandler.ee,Manager,2026-06-10,1
U10987,A1295,Lisa,Robinson,lisa.robinson@garzajimenezandramirez.ee,Owner,2026-06-08,1
U10988,A1295,Scott,Lopez,scott.lopez@garzajimenezandramirez.ee,Member,2026-06-16,1
U10989,A1296,Timothy,Miller,timothy.miller@gonzalezplc.ee,Owner,2026-06-17,1
U10990,A1297,Chelsea,Martinez,chelsea.martinez@nelsontucker.ee,Owner,2026-06-15,1
U10991,A1297,Megan,Green,megan.green@nelsontucker.ee,Member,2026-06-19,1
U10992,A1297,Debbie,Sanchez,debbie.sanchez@nelsontucker.ee,Admin,2026-06-11,1
U10993,A1297,Brandon,Johnston,brandon.johnston@nelsontucker.ee,Member,2026-06-19,1
U10994,A1298,Ryan,Stevens,ryan.stevens@oliverwhiteandjenkins.ee,Owner,2026-06-19,1
U10995,A1299,Brittany,Gray,brittany.gray@ortegaromero.ee,Owner,2026-06-10,1
U10996,A1300,Ronald,Johnson,ronald.johnson@beckandsons.ee,Owner,2026-06-24,1
U10997,A1300,Timothy,Castro,timothy.castro@beckandsons.ee,Member,2026-06-20,1
U10998,A1301,Andrea,Faulkner,andrea.faulkner@johnstonlewis.ee,Owner,2026-06-18,0
U10999,A1302,Evelyn,Kramer,evelyn.kramer@mooney.ee,Owner,2026-06-15,1
U11000,A1303,Mary,Jackson,mary.jackson@richardlee.ee,Owner,2026-06-26,1
U11001,A1304,Rebecca,Boyd,rebecca.boyd@joneswilliams.ee,Owner,2026-06-15,1
U11002,A1304,Jennifer,,jennifer@joneswilliams.ee,Member,2026-06-19,1
U11003,A1304,Michael,Anderson,michael.anderson@joneswilliams.ee,Member,2026-06-13,1
U11004,A1304,Nicole,Frank,nicole.frank@joneswilliams.ee,Manager,2026-06-14,1
U11005,A1304,Matthew,Romero,matthew.romero@joneswilliams.ee,Member,2026-06-23,1
U11006,A1304,Brian,Carrillo,brian.carrillo@joneswilliams.ee,Member,2026-06-20,1
U11007,A1305,Justin,Kaufman,justin.kaufman@guerrerowebb.ee,Owner,2026-06-18,1
U11008,A1306,Charles,Black,charles.black@hendricks.ee,Owner,2026-06-20,1
U11009,A1306,Rachel,Mccoy,rachel.mccoy@hendricks.ee,Manager,2026-06-16,0
U11010,A1306,Tina,,tina@hendricks.ee,Admin,2026-06-20,1
U11011,A1306,Luke,Oliver,luke.oliver@hendricks.ee,Admin,2026-06-20,1
U11012,A1306,David,Campbell,david.campbell@hendricks.ee,Member,2026-06-21,1
U11013,A1306,Gabriel,Salinas,gabriel.salinas@hendricks.ee,Manager,2026-06-24,1
U11014,A1306,Ashley,Esparza,ashley.esparza@hendricks.ee,Manager,2026-06-18,1
U11015,A1307,Mary,Ramsey,mary.ramsey@mcguire.ee,Owner,2026-06-14,1
U11016,A1307,Aaron,Smith,aaron.smith@mcguire.ee,Manager,2026-06-22,1
U11017,A1308,John,Mills,john.mills@roberson.ee,Owner,2026-06-20,1
U11018,A1309,Cole,Santos,cole.santos@hendrixwallace.ee,Owner,2026-06-23,0
U11019,A1309,Donna,Lee,donna.lee@hendrixwallace.ee,Admin,2026-06-27,1
U11020,A1310,Ashley,Guzman,ashley.guzman@halljones.ee,Owner,2026-06-27,1
U11021,A1310,Michael,Davidson,michael.davidson@halljones.ee,Admin,2026-06-25,1
U11022,A1311,Ronald,Taylor,ronald.taylor@averylaneandhawkins.ee,Owner,2026-06-22,1
U11023,A1312,Jonathan,Stanley,jonathan.stanley@torreshayes.ee,Owner,2026-06-26,1
U11024,A1312,Javier,Taylor,javier.taylor@torreshayes.ee,Manager,2026-06-22,1
U11025,A1312,Joshua,Smith,joshua.smith@torreshayes.ee,Manager,2026-07-03,1
U11026,A1313,Carlos,Arnold,carlos.arnold@perez.ee,Owner,2026-06-30,1
U11027,A1313,Justin,Daniels,justin.daniels@perez.ee,Admin,2026-07-03,1
U11028,A1314,Christopher,Price,christopher.price@stewartplc.ee,Owner,2026-06-24,1
U11029,A1314,Tiffany,Reyes,tiffany.reyes@stewartplc.ee,Admin,2026-06-29,1
U11030,A1314,Jeffrey,Fuentes,jeffrey.fuentes@stewartplc.ee,Member,2026-07-02,0
U11031,A1314,Mark,Grant,mark.grant@stewartplc.ee,Member,2026-06-25,1
U11032,A1315,Jason,Kennedy,jason.kennedy@williams.ee,Owner,2026-06-30,1
U11033,A1315,Michael,Bass,michael.bass@williams.ee,Admin,2026-07-09,1
U11034,A1315,Jacob,Mcdonald,jacob.mcdonald@williams.ee,Manager,2026-06-29,1
U11035,A1315,Patrick,Collins,patrick.collins@williams.ee,Member,2026-06-28,1
U11036,A1315,Stacy,Lopez,stacy.lopez@williams.ee,Admin,2026-07-11,1
U11037,A1316,Jesus,Wilson,jesus.wilson@belloneal.ee,Owner,2026-07-10,1
U11038,A1317,Dana,Arnold,dana.arnold@jackson.ee,Owner,2026-07-11,1
U11039,A1317,Katherine,Thomas,katherine.thomas@jackson.ee,Admin,2026-07-03,1
